X1,X2,Z,Y
7.117394600690986,6.072831088883067,0,0.0
1.746123872457892,7.749514770044023,1,0.0
7.254099072613172,10.874793982037605,0,1.0
27.54146943290929,18.91727290479436,1,1.0
18.62505844223924,4.026709705608226,1,0.0
22.782960100513158,19.842483979154917,1,1.0
11.004955335080073,17.487111494611103,1,1.0
22.870182313945396,14.146055557548742,1,1.0
28.5979307925865,9.974075717728535,1,1.0
21.980935800619804,7.05138742216689,1,0.0
12.24493848600619,16.996216217224607,1,1.0
10.839454647461272,5.571501795663988,1,0.0
3.2598092304557413,4.028128431897695,0,0.0
20.072315053913226,16.038296739317804,1,1.0
5.5254452196995745,2.0594634432547245,0,0.0
5.071825370284345,6.1619468640171355,0,0.0
26.047802427370623,14.968101671891912,1,1.0
6.335844333720908,1.9480882772903314,0,0.0
21.753292446037065,16.807384095007208,1,1.0
6.750502628031175,-0.003379556122627747,0,0.0
20.83614878306073,8.067539818563866,0,0.0
14.605942727471417,2.9279452692899746,0,0.0
14.0156040488245,4.999040927216225,0,0.0
4.177583353701568,-0.04407045058228576,0,0.0
14.674808445728667,7.77156905196556,0,0.0
13.024957353845851,14.167989465532482,1,1.0
25.057138398281396,6.933940429944261,1,0.0
13.894805285849248,16.91472908413711,1,1.0
3.9764201872449427,0.8444612758352967,0,0.0
18.879358865955336,-0.8208328479915785,1,0.0
6.886650323808382,1.8501684440820831,0,0.0
5.581784243248402,5.746759317742093,0,0.0
12.245919060259409,7.845782418806014,1,0.0
13.209274628353867,3.9440770635794635,0,0.0
11.457757788521764,3.1632096391665314,0,0.0
12.75231202894956,6.707677555317865,0,0.0
9.022535899645405,6.921472163670064,0,0.0
14.922278834394,13.91578591059277,1,1.0
28.26480889876916,16.082575690272076,1,1.0
5.947831679538858,7.930530148271895,0,0.0
17.367860493444,1.019740624034803,0,0.0
21.400687021993683,13.977605239487712,1,1.0
18.76883127546536,5.019870047737239,1,0.0
0.8595396360326276,4.356106387357716,0,0.0
12.779809618861933,9.790964850678286,0,0.0
15.030718720187124,13.208538984039826,1,1.0
11.341502711067694,7.17044056225167,0,0.0
2.910743035713219,5.962349191139591,0,0.0
15.733914500281157,16.224785701716097,1,1.0
10.991265916653694,7.075255689230474,0,0.0
11.384854988782957,-5.819159755472519,0,0.0
21.47575393211942,9.945758216302785,1,0.0
12.684397673108114,14.03076284168215,1,1.0
12.66984740193752,15.643488143999356,1,1.0
5.164317430756579,5.213697510947327,0,0.0
12.522641666546342,0.08502613919790392,0,0.0
14.325348055808904,3.974366519530502,0,0.0
8.88536724795355,6.756174768456631,1,0.0
20.126374279255735,17.824708511376215,1,1.0
12.34730810816994,3.857193107059885,1,0.0
3.5679763666186313,8.949657674942564,0,0.0
18.14137474785331,4.124779567337612,1,0.0
13.802116233901346,6.152337081699827,0,0.0
6.745423641390619,12.366675300591861,1,1.0
3.794230330272762,10.93960829223984,0,1.0
8.455772582156332,5.950416190725658,0,0.0
9.963994520523812,19.962442293356776,1,1.0
5.288323272826227,15.373083489905664,1,1.0
8.132582993786398,1.118974183165335,1,0.0
13.78065773323443,11.23424591674474,0,1.0
30.699640908327545,22.80751493565422,1,1.0
30.072928177703602,-7.054989314848147,1,0.0
14.619973326296947,10.985845482851332,1,1.0
8.871711496123424,10.801958907743597,1,1.0
3.7399602427737157,5.917740703396486,0,0.0
14.987748471504664,4.149982911518848,1,0.0
18.83451222433952,12.610720112420385,0,1.0
10.908927281428856,10.983253184345404,1,0.0
6.361235279108247,21.945448021706305,1,1.0
6.049049168330611,0.37681640237229175,0,0.0
5.862133078151286,1.3394230397267748,0,0.0
28.003088673802736,5.0992421814432625,1,0.0
9.330989170192282,-1.1090426529174344,0,0.0
9.244938827381347,-2.953439542722105,0,0.0
16.032328136558785,5.2017565140193724,1,0.0
4.9253349037346466,6.789430094194621,0,0.0
20.969587086933902,13.639244943989972,1,1.0
10.885025639757504,3.7635831539630615,0,0.0
1.9201894928713024,14.201969345490223,1,1.0
12.283636719167308,-2.0564917317266236,0,0.0
8.02859200690434,6.274812607452628,0,0.0
30.53726782367814,10.86566412400207,1,1.0
23.3903806672122,9.035101043022234,1,0.0
7.8382716762175795,0.8051446935587343,0,0.0
3.648087978856811,4.115250289157711,0,0.0
25.563519269566587,17.966633058287833,1,1.0
3.595218349269234,6.12143113557752,0,0.0
30.644826729317085,10.968025021772934,1,1.0
4.955793601336901,0.24587976821629454,0,0.0
3.0289441030780906,8.91824441330558,1,0.0
1.9680412675782635,12.919197817551986,0,1.0
15.814934756909752,7.892608170739152,1,0.0
13.621166131001413,17.376893882485515,1,1.0
8.911666116445735,5.831200248345315,1,0.0
8.829263587813978,2.705234457903721,0,0.0
3.111528192328476,-2.0249004867812594,0,0.0
23.499128825601584,11.134372062439933,1,1.0
5.162374593892985,1.206415465924458,0,0.0
29.727645811518023,16.995355827900976,1,1.0
10.208186220753975,6.9526067101283076,1,0.0
14.673746182698228,9.819205850900232,1,0.0
12.722285279312699,5.137596670927373,0,0.0
19.814147923878014,11.74346088409995,1,1.0
5.953628450013929,12.87069608862959,0,1.0
16.22856388369931,0.736182483480416,0,0.0
13.342491367239756,-0.8278768949343274,0,0.0
5.662810065289978,5.948957311307645,0,0.0
19.223465754832063,8.65580617859412,1,0.0
11.275129609326207,8.385363464011434,1,0.0
6.85284780025461,5.025780159941018,1,0.0
3.8612460804065214,7.119746392830702,0,0.0
20.56718295323432,11.87275592093426,1,1.0
5.7099971608838,4.939253565016578,0,0.0
13.250486763824552,12.030033921129814,0,1.0
2.1528956015629785,8.925853382576005,0,0.0
2.168286445628153,12.985459713959376,0,1.0
7.900681394964176,11.842233316362993,1,1.0
6.819384321151114,34.79139359182659,1,1.0
26.273305262919198,15.991441704521314,1,1.0
8.817129125536308,-0.012292402816072467,0,0.0
24.867551736830904,10.874989139221316,1,1.0
25.481213927150602,15.049816489126421,1,1.0
7.878996063812379,17.508252624891494,0,1.0
29.650813939883292,4.571180919696101,1,0.0
4.4781873017770195,8.094161710686446,1,0.0
14.916360205505786,10.306655363471268,0,0.0
12.796109940779802,4.734928216723716,0,0.0
8.577786179424097,5.108132774027084,1,0.0
14.192772123952015,5.165801557336593,1,0.0
13.23526018940868,7.885800824913716,1,0.0
24.44382515747552,13.873490165490512,1,1.0
13.930372201588892,23.875489810200396,1,1.0
14.814628255007909,20.034477075444787,1,1.0
16.97706477353486,18.88275665085545,1,1.0
15.561636760307499,5.963608707740896,0,0.0
10.413392825577116,10.040950243948874,1,0.0
9.912035640147577,-1.3832435198389916,0,0.0
16.10156776987411,7.178988036272521,1,0.0
8.83996562176554,-0.9731311102055926,0,0.0
7.041260641203923,5.940224115726579,0,0.0
3.775604999082244,2.032608409701904,0,0.0
1.7841199512619765,6.960435208388272,0,0.0
5.264450214122896,12.238218829333913,1,1.0
23.987487923106887,30.95045360348784,1,1.0
13.824051503200035,9.315797031360859,1,0.0
11.039663716988683,15.83097978215244,1,1.0
25.598746005426676,16.40897420632108,1,1.0
9.845308076879373,2.0700984645831966,1,0.0
3.210386398429808,-5.211127649614653,0,0.0
3.7673954347636833,1.2206998214810945,0,0.0
16.479548911841594,0.7011124227872756,1,0.0
21.0264059027096,10.24413418821327,1,1.0
6.4466143438611425,9.637945099213386,1,1.0
12.684162844110443,3.6056963464709852,0,0.0
16.714754601236393,9.225745916418614,0,0.0
6.661551906564127,6.889896550838358,1,0.0
17.3289775598958,6.027901572191826,1,0.0
19.277626919205773,3.8042002459089623,1,0.0
5.166692309186552,3.726008851052004,0,0.0
16.213003002186692,9.267449299992204,1,0.0
2.2870369491455382,-0.02180811911120273,0,0.0
15.888346782768572,8.779968095648186,0,0.0
21.35154412576347,9.069265374061764,1,0.0
5.028189269181062,10.136617122726854,0,0.0
4.770136570868264,7.913124274650585,0,0.0
16.322551229704725,4.303726064766071,0,0.0
9.695641380684954,8.996624613394797,1,0.0
8.668722363074634,15.151478929532523,0,1.0
2.3509964576124545,15.144737266736229,0,1.0
8.971354499048392,5.856832198455351,1,0.0
11.923264781924772,4.056638239119717,0,0.0
3.320636433688223,18.13834249487135,1,1.0
3.3908668864748104,-2.0575019666061785,0,0.0
1.9350970380247612,13.039741763211424,0,1.0
6.5129699033944455,8.093105111563474,0,0.0
10.416255411840618,17.79835714906036,1,1.0
18.66839011813686,1.1645322406155074,1,0.0
17.287670175281672,8.790955659112118,1,0.0
5.1776047085764105,2.829951674685571,0,0.0
8.695534599913941,11.30674501577171,0,1.0
9.989585899068357,0.09034388206246291,0,0.0
23.189464622571617,9.309080955281598,1,0.0
11.113926134454085,10.778507547549683,0,1.0
4.75325897852859,5.976452564365037,0,0.0
5.614515381954274,11.856516131628279,0,1.0
19.522862084056616,16.04235844051267,1,1.0
16.103108799372052,14.814645306620907,1,1.0
20.9665232155384,3.1663030373415815,1,0.0
2.3292645937901937,-0.8334931479006862,0,0.0
8.707172198091994,3.935599325979272,0,0.0
6.315465422780124,5.18863225542518,0,0.0
17.80365336139989,20.091943791926134,1,1.0
1.9228286507475867,2.6114311206643173,0,0.0
18.16585293625882,13.013794948338369,1,1.0
5.79576396075194,-1.1345779431395258,0,0.0
19.612887257747595,3.824773316851271,1,0.0
16.55002671309928,-0.173437597744865,0,0.0
4.687672414895586,9.169320581519383,0,0.0
10.494639092885821,11.991663426577354,1,0.0
7.158131260704283,13.056054821320771,1,1.0
30.132811741617807,0.7286000958287708,1,0.0
11.790270717958872,10.096158665440019,1,1.0
3.4199278706004135,12.165984441300974,0,1.0
10.773728192397783,3.301859166092992,0,0.0
23.87647328624901,11.042199908749843,1,0.0
19.556634314693955,-0.8802033632059931,1,0.0
2.558354602159476,1.0739419578198728,0,0.0
5.90621259312005,4.33851990510048,1,0.0
21.28163732455291,5.990604113832141,1,0.0
7.627591465247446,-2.0927025526135736,0,0.0
12.491783859893271,15.154069881375388,1,1.0
1.6339723571189535,11.470773164634668,0,0.0
5.997874541983537,2.612353856225784,0,0.0
5.84155977137354,7.023188208739221,0,0.0
13.448494088878551,6.683154234292317,0,0.0
25.50638822815787,10.896332516433674,1,1.0
9.250901955984114,-0.7048028351407609,0,0.0
6.86888457675716,11.790142034545877,1,1.0
6.604324339110646,-2.8528445085870686,0,0.0
28.108771977344425,22.267172944683225,1,1.0
23.886245320407312,13.09514954262276,1,1.0
16.507079664854075,13.239365790893558,1,1.0
25.499356649513427,22.814129835017315,1,1.0
17.892951019433028,9.060646332391784,1,0.0
28.431090775023655,13.091237187758928,1,1.0
31.281366258610024,13.200032877453971,1,1.0
9.337553782173435,5.15049580619328,0,0.0
8.891860120040807,-1.2420561619270494,1,0.0
5.375474614533521,8.584235517016701,1,0.0
18.937061263603734,3.0271675267461475,0,0.0
16.497101840396297,14.212525282201657,0,1.0
2.0837604833346863,9.729123981837013,1,1.0
13.43730673029608,12.091549756517317,1,1.0
12.810012711106943,0.9081617631986987,0,0.0
25.786134945233314,9.137566477694005,1,0.0
22.24270903075652,8.842827907432355,1,0.0
14.654559902878376,9.124117097914073,0,0.0
13.252022970999505,-3.089424093483803,0,0.0
22.637528097975064,7.025464446853434,1,0.0
15.337241322191376,8.148853681498387,0,0.0
4.35084736999668,5.740004963679567,0,0.0
11.641457919445086,1.6663788892168974,0,0.0
26.768186592809254,3.6663440975649877,1,0.0
7.323590337939861,-3.1842797943462493,0,0.0
4.131199547005504,12.923929660113576,1,1.0
12.924947670514081,12.878121322930792,0,1.0
7.764557411240565,1.195284875390115,0,0.0
12.673790817016336,8.725061197518059,1,0.0
23.978432600394697,8.576232403608213,1,0.0
6.025257813467095,11.927151920182897,0,1.0
13.503620720601424,12.80673719452933,1,1.0
24.632727492798978,10.048565490127917,1,0.0
11.379507876499941,13.984170685081029,1,1.0
16.99581250398565,3.7385586217538886,0,0.0
13.284184752544746,10.382658187430621,1,1.0
9.679640129827689,13.960753774340791,0,1.0
13.927865918324436,9.122281396660679,1,0.0
19.373704303591044,11.010470956109398,1,1.0
4.02932866342618,9.084602537551753,0,0.0
9.193850810644143,15.06924473496592,1,1.0
16.754861612834926,-6.14693018257455,0,0.0
14.001702608521743,10.899294948360758,1,0.0
27.44210479108268,14.064480050499924,1,1.0
6.50053904594651,-2.2247612437156086,0,0.0
9.265130806210598,3.9380439121394915,0,0.0
10.824619174406509,10.98520608385579,1,1.0
19.20793143007865,9.465626583481786,1,1.0
5.709829997981283,3.0370291978620294,0,0.0
13.484907438896654,3.9311534500419256,1,0.0
22.89843180659437,12.2274914520681,1,1.0
18.472212231726946,20.292732426535014,1,1.0
4.851078811390562,-3.1386059071792367,0,0.0
12.881375862808655,5.052757029166813,1,0.0
23.566868319435894,16.120675703861526,1,1.0
19.47723349885106,17.297697460973573,1,1.0
2.2708372164755204,5.203042161124888,0,0.0
2.1390334275752894,2.8714318288488556,0,0.0
2.2378525346990674,-0.2514178326660428,0,0.0
3.2732875102716372,11.209434728914776,0,1.0
22.87074437250154,14.995533172745716,1,1.0
30.434480065979383,-0.4571193919148122,1,0.0
11.760235164057061,18.083893695219455,1,1.0
32.36787743312271,10.995179501777063,1,1.0
9.51338835214212,3.5865611662617596,0,0.0
11.481536826577411,-3.1280214856653608,0,0.0
21.969725297858123,5.203843549044471,1,0.0
8.228077935094015,7.938202316005334,0,0.0
9.627016060093323,2.1891304816213513,0,0.0
5.18753677611636,-0.277799540404601,0,0.0
6.960004704956953,4.722230618657417,1,0.0
25.207915587911685,-2.8748291054097557,1,0.0
11.991504548405318,12.23224571252588,0,1.0
11.38444728184363,5.904778993223534,0,0.0
30.60144229655723,10.299824855304063,1,1.0
8.344505120226955,9.782213263353366,0,0.0
1.3964110194537767,2.1733070508381935,0,0.0
5.008760659641084,7.129173571600852,0,0.0
15.413818862576328,5.83717913046053,0,0.0
22.89097279290262,12.882678165906682,1,1.0
24.55104879413201,17.79521379438256,1,1.0
14.62567530297174,9.955539530077903,1,1.0
14.611846309675654,4.061606817156342,1,0.0
12.035247956307723,19.30565441413107,1,1.0
6.637171621710997,3.200618233148983,0,0.0
29.647532239807408,8.508591609777778,1,0.0
13.511335878121375,16.927220569054295,1,1.0
2.4088448092865855,9.70714982445913,0,1.0
24.331177737929064,12.739648630964123,1,1.0
9.047352454002974,-3.8156432110202587,0,0.0
2.8703269411140937,4.8586917626508495,0,0.0
23.071891021357825,11.255360295994972,1,1.0
13.879260700261316,0.018194272104320675,0,0.0
15.674450503087073,19.288897937655936,1,1.0
19.166200691039734,5.000232639018716,1,0.0
24.964274732643084,7.236998923755923,1,0.0
3.0855918792688053,13.749354079274802,0,1.0
4.382472295604535,16.22371296400083,1,1.0
9.717427724005011,7.947506143987717,0,0.0
7.073889927576526,4.0517847017477315,0,0.0
9.018894843867347,2.8203889620899396,0,0.0
2.0417090006503247,12.878150581139526,0,1.0
15.74813501561131,15.930076089154223,1,1.0
6.011802540171715,20.163850397509304,1,1.0
15.20850702041832,7.944399271288784,0,0.0
9.737331062327863,5.046074916065933,0,0.0
19.23901988307224,5.293389338109474,0,0.0
8.496170939767243,4.8532621054308756,0,0.0
26.477136475729356,13.81913494169115,1,1.0
9.510081550915343,-0.15338024114348414,0,0.0
17.36824416496662,12.038278543003774,1,1.0
12.924410427570741,1.1381239495464577,0,0.0
12.081410978571336,-0.17919521498769697,0,0.0
4.137894246300349,0.6467259391653961,0,0.0
3.6097206059329445,13.140789843187623,1,1.0
26.415253559607898,15.857392521365657,1,1.0
3.0962165019874526,5.131424506958627,0,0.0
26.24385585912687,1.7708723417703993,1,0.0
1.4047210395828775,15.192798792294425,1,1.0
1.0795097854122362,3.1428422648653687,0,0.0
8.453330158411324,11.655041277634762,0,1.0
8.44901370277981,0.5621758332949227,0,0.0
5.880836591438612,5.967521774528148,0,0.0
5.1643548678570355,5.673585721177719,0,0.0
5.711978664372984,17.016889153431087,1,1.0
4.215927204682248,16.08769029562821,1,1.0
2.5863003410419307,11.99602557544559,0,1.0
7.961967905214284,8.706985763674307,0,0.0
6.296083731835027,5.830912181077771,0,0.0
5.72940930691954,4.158587826282009,0,0.0
13.587618126979534,18.052154362995132,1,1.0
16.491771421523268,5.980052133179061,1,0.0
29.083266268736327,15.194653592983162,1,1.0
3.2748515275307555,1.231845040308098,0,0.0
19.493328067523215,10.263317231150957,1,0.0
4.915453684644118,3.459039115668837,0,0.0
6.34487937694433,6.060271674258608,0,0.0
18.06359313920976,2.0996361775212193,0,0.0
31.534042741468944,16.849593656397673,1,1.0
16.351138505107727,0.2349593495281752,0,0.0
17.245426569143927,22.064107006197023,1,1.0
18.2514575151871,13.98017872195513,1,1.0
13.044384251564527,11.650019860728385,1,1.0
4.0492217176832765,8.607639729532348,0,0.0
0.15027206837903082,0.891271831093956,0,0.0
7.954778096023603,10.785264659531158,1,1.0
11.059437054632713,3.943097210757923,0,0.0
6.410541590809254,0.7927356559351004,0,0.0
32.13615204073224,11.07718206808935,1,1.0
28.60439841728238,10.943137041712731,1,1.0
8.070808255798877,-0.7843218923696647,0,0.0
2.7976971817597707,13.072948765382773,0,1.0
1.8019524148473531,2.088908654854542,0,0.0
20.24031343657183,16.23466579573075,1,1.0
11.589502614668003,4.747134565700669,1,0.0
25.634618198578167,19.77205521152572,1,1.0
26.143704703504625,17.399369927412,1,1.0
22.45951862626886,-1.8852067610089094,0,0.0
8.563970141292792,20.06748033788702,1,1.0
4.828409839560438,6.824678713460084,0,0.0
8.282826206942074,-0.24796986143264732,0,0.0
20.26277988161984,9.010593313402211,1,1.0
32.387559229032085,11.821069377951673,1,1.0
6.574177594642264,9.725284900560865,0,1.0
6.8651499258059925,-2.043945569292603,0,0.0
4.800232645380546,2.3179287040968184,0,0.0
18.023811173195067,5.697389807849756,1,0.0
1.374575123317665,0.20964371628070566,0,0.0
14.051836930811154,23.032438059191797,1,1.0
15.388863065863097,13.711417285814477,1,1.0
4.6911793338586065,1.9010644168072126,0,0.0
17.937375945387558,10.747455580237148,1,1.0
5.742533026156122,3.9180730135156807,0,0.0
1.7472478219574177,17.080750526505174,1,1.0
2.5498159787746157,10.958606372007822,0,1.0
13.786787109847765,8.032537381254482,1,0.0
18.01295197159337,1.836194700890875,1,0.0
6.928825866358681,-6.35693786842597,0,0.0
28.774750397996787,9.65538783695267,1,1.0
7.345269872817329,4.0839488853902814,0,0.0
28.068368698343185,4.280348178616016,1,0.0
13.912482829373657,7.086905782906083,1,0.0
14.477534467489692,8.934264997587867,0,0.0
25.00383071475099,7.079164471505223,1,0.0
15.022208467526532,13.167747618253479,1,1.0
8.796295936263732,6.749271808341554,0,0.0
31.358960505723996,14.926602190860446,1,1.0
8.402812424200281,9.784755126481944,0,0.0
11.024612252675182,-1.9180055950861146,0,0.0
21.524218826426104,14.012873026512452,1,1.0
18.05115412590408,13.269871883829651,1,1.0
16.270340893165443,16.628837354800442,1,1.0
8.32978069548532,0.14435829165174852,0,0.0
14.415458386783179,3.6894959138110472,0,0.0
12.008317855697356,6.784049771521094,0,0.0
17.19529529704033,13.23546522506728,1,1.0
23.015894880030164,9.033299559983899,1,0.0
7.6480134065721295,4.125973625476114,0,0.0
10.46401773417519,15.032596748290398,0,1.0
10.46452102088489,13.012590985912485,1,1.0
19.39602306676442,11.483235368012462,1,1.0
13.058984596790358,6.060836072367184,0,0.0
20.01714471640069,5.1828639941352215,1,0.0
14.871189132425219,4.752399522642815,1,0.0
13.319530830316321,4.901016159823801,1,0.0
4.881147002476946,4.860140084108387,0,0.0
9.90550704490544,17.14541861675899,1,1.0
21.907306737225156,8.676962319030117,1,0.0
14.617010938250102,16.20242820172815,1,1.0
3.902462074888781,3.119758406803001,0,0.0
14.763495118295912,13.170401551035916,0,1.0
5.493823514477095,6.160936082732867,0,0.0
4.412453978196058,8.585533298873838,0,0.0
5.707761649986937,9.03042040789473,0,0.0
26.347483605255817,5.1328092563923455,1,0.0
25.552294855848658,25.06601250470972,1,1.0
4.905676222081186,4.050090031461824,0,0.0
2.4175784908914526,9.11778146969819,0,0.0
19.371656273782385,8.92803929083134,1,0.0
26.169516005243715,6.930707936912729,1,0.0
22.839331589561223,13.120370968941238,1,1.0
23.96578999390444,17.887047889432054,1,1.0
16.186955689060305,7.9167989944604535,1,0.0
29.30878303923116,11.605691140206929,1,1.0
8.994809723365202,19.907377035517136,0,1.0
17.33283304673651,9.029369189337004,1,0.0
14.304675667209182,10.81809084412588,1,1.0
1.6655629777369922,-2.9058668990503946,0,0.0
25.111493630551102,5.33780430591721,1,0.0
12.357196943507608,2.905545266608506,0,0.0
20.638033726921236,9.220757982990381,1,0.0
4.435908354433819,8.15455000558056,0,0.0
18.380053037651873,17.916207890572295,1,1.0
7.143912848398372,0.7445561352019396,0,0.0
10.92429389648753,5.067953719392754,0,0.0
6.5006387116285795,8.962719511033413,0,0.0
12.896030630921803,10.17331797900668,1,1.0
7.1948037218115495,2.926124332715105,0,0.0
25.007723764747567,13.172931884528932,1,1.0
14.323357484768518,18.803006314661022,1,1.0
1.1693219451511194,-8.003086082823845,0,0.0
5.478749096560619,7.08772850743879,0,0.0
21.25426008146665,5.929125812641459,1,0.0
26.760933320472276,4.864448287710516,0,0.0
30.365090263970863,18.27489739986307,1,1.0
0.5259623306654577,6.081553059753681,0,0.0
3.6366911973031613,1.959597360582908,0,0.0
27.400017331751716,16.803344064513446,1,1.0
4.750452310234828,-2.049064021194603,0,0.0
24.275555265295136,9.00900113964126,1,0.0
26.812444640602884,13.811986939691906,1,1.0
0.1164297874547664,8.087100356647479,1,0.0
4.092383115747939,13.658438914285078,0,1.0
11.855809834876885,13.335467465810577,1,1.0
0.2667857236319392,9.254888459972303,0,0.0
5.9465913691721,7.159625926547282,0,0.0
27.0230594073132,16.689409707453397,1,1.0
20.598504589119617,-0.20128211184903222,1,0.0
22.578860215431842,24.83251178464108,1,1.0
30.14876091317327,6.982386793961016,1,0.0
0.6173120444348189,11.212868142826025,0,1.0
8.367943395621081,13.919298755379174,1,1.0
23.566931343488367,12.819793617428775,1,1.0
19.268610080924187,11.032140967999975,1,1.0
13.93384959930546,-4.043026903859516,0,0.0
9.204531092315325,9.179435148566558,0,0.0
21.836972407518413,7.632976739907601,1,0.0
3.9805611534163807,3.966295399186901,0,0.0
12.540513707705585,6.01263899425674,0,0.0
14.679902668371414,-3.058958518761756,0,0.0
29.39858025780055,20.058136283136673,1,1.0
25.019960758028763,11.552526371299333,1,1.0
2.73433526558937,7.716506967043898,1,0.0
13.959360225407574,11.02745340706731,1,0.0
5.708846882923118,7.188865445545268,0,0.0
11.312029616262656,13.113716716611137,1,1.0
16.76371609328235,6.311882026374221,1,0.0
20.677453326431014,15.759841624372303,1,1.0
25.96936584004484,10.777114308770148,1,0.0
23.039735279311458,5.893158099756278,1,0.0
18.00222167763614,9.964385174322217,1,0.0
19.45601478424428,23.134733101604333,1,1.0
33.06889150548897,5.857250173472469,1,0.0
2.7440690166524146,3.833336845753564,0,0.0
9.844034525531193,10.142807861641714,1,0.0
13.346457503322094,-2.1847346876560074,0,0.0
0.8784105165607616,2.7082954166009543,0,0.0
8.282719141024769,5.232470163227514,0,0.0
11.802146589822863,9.895913676299976,1,1.0
16.20732324987486,0.9896175929524951,0,0.0
21.901468243010402,15.968642152134738,1,1.0
4.818907484083411,13.01159733341953,0,1.0
5.519738722807134,1.036843500011937,0,0.0
3.7654923154639186,0.07159275080354277,0,0.0
3.0632937737997588,6.639682141647448,0,0.0
8.84684557711643,6.494987465260689,0,0.0
2.098209112907418,4.106245750580442,0,0.0
2.046874390736705,15.909763275113189,0,1.0
5.45786246122338,3.1934207442551354,0,0.0
26.189572870046366,10.13416636162506,1,1.0
11.8965927815914,8.872088022768306,1,0.0
0.9094001968115077,12.075295376971056,1,1.0
13.747837266262096,19.742695590104454,1,1.0
5.39366397157746,11.84756863027841,1,1.0
12.537306403318999,-9.213526134124262,0,0.0
25.86159750156541,10.599752475962685,1,1.0
6.982481839691203,8.817984224458819,0,0.0
19.37675390351891,3.6873618563890957,1,0.0
12.272727205423571,8.782499081953077,1,0.0
10.55894135860772,12.222510945546954,1,1.0
14.799250899338176,13.813154398372568,1,1.0
2.7161705556979228,-0.36302459180073043,0,0.0
16.163069746292898,8.016879327575786,1,0.0
7.692780567183082,1.9244494942617472,0,0.0
29.369219226634733,26.040862050702266,1,1.0
7.6414001075354925,8.754764639597411,1,0.0
4.517352179280534,-1.0221263313745368,0,0.0
20.55817665642527,21.20785174311148,1,1.0
26.5381936268713,3.4276383743839602,1,0.0
7.221297996742265,7.8991328991978165,0,0.0
6.6037726512721475,1.017930064993859,0,0.0
19.336140985055152,8.747446153138515,1,0.0
24.418604655071864,1.9721098976653657,1,0.0
9.608821580257114,11.076446883255507,1,1.0
6.381180484369669,3.198922563912401,0,0.0
6.705084444358851,4.215715362409242,0,0.0
2.1620938482560663,7.134455240484286,0,0.0
29.069977393402162,16.105807047543383,1,1.0
16.56598080593425,2.9987477505424707,0,0.0
3.617633686554247,7.011779320477636,0,0.0
9.330406090104958,16.231079953453133,1,1.0
25.226363212411947,10.147749423652819,1,1.0
20.881414306034177,14.8851133509304,1,1.0
27.187986678802016,24.07894953089573,1,1.0
13.834676166752446,1.269928904822585,0,0.0
5.051499531920745,7.001896749775376,0,0.0
15.765602035467383,1.0187874004420578,0,0.0
21.535403337644773,14.057086566724788,1,1.0
4.7914359874654,-0.1526769058683186,0,0.0
10.833494818970802,3.165815682217815,1,0.0
19.284401993869043,10.168727287751778,0,0.0
19.559161382039353,-3.123326959952262,1,0.0
28.857834038717442,3.740372651143389,1,0.0
0.44806633846228555,9.072613660701201,0,0.0
18.87647047316539,1.0633795842762126,1,0.0
4.086473035012226,14.103051320696817,0,1.0
3.064803744680624,21.779301671040226,1,1.0
4.027090319006865,8.509047654577195,0,0.0
9.63683816293227,3.7882238944669986,0,0.0
25.781651989948106,12.956119004085028,1,1.0
5.008929203068185,7.078752590690765,0,0.0
17.557859553743338,19.865673337614577,1,1.0
3.183617458076678,-2.320688897057451,0,0.0
3.4374287646511372,6.9932019529332585,0,0.0
18.603420820260727,19.799045723441754,1,1.0
14.784185925138733,3.056501057131424,1,0.0
13.301168029393969,15.63895450408577,1,1.0
12.256565631971709,5.059970171874287,0,0.0
1.9602834672916003,4.787822288353784,0,0.0
29.983650819550068,13.69386205540097,1,1.0
23.56799903391467,11.91057379718768,1,1.0
6.756559294587385,6.111200155482003,0,0.0
3.0155384641703673,6.604566332976134,0,0.0
6.764948679879563,3.093976912450664,0,0.0
12.260003520139632,1.9334497750235577,0,0.0
16.29417438113932,6.2841259590276835,1,0.0
6.256388039698183,-0.915808506810663,0,0.0
11.200989274374372,16.828562152116675,1,1.0
5.357748466007041,14.327034906932372,0,1.0
5.432504379206002,9.762062705236787,0,0.0
10.327492176686894,1.1798191577590451,0,0.0
5.49658090700736,11.090595662406837,0,0.0
16.813184997130247,16.012632543453012,1,1.0
19.180014317279365,0.8417104204596981,1,0.0
7.801991700388543,0.36731156272247745,0,0.0
8.033811536739114,6.921582208012385,0,0.0
5.885605588478937,4.165240044972105,0,0.0
12.96511156687841,15.182521201928413,1,1.0
7.579982900984869,6.01200255340445,0,0.0
8.330541311883032,6.902327586121974,0,0.0
15.605353935146923,17.19337212116897,1,1.0
3.3745645343674266,-0.8701457015463028,0,0.0
13.17724549046787,-2.0313489967882354,1,0.0
9.21191098438373,2.677449675976618,0,0.0
1.5917260171495913,22.01270842381137,0,1.0
14.480382980577183,6.0006443725698055,1,0.0
10.394076854278536,-2.8439985405002446,0,0.0
11.406318101928694,14.859078782020067,1,1.0
13.01866947962212,3.1168230947783826,0,0.0
28.1282749748886,14.031673612827614,1,1.0
14.882331703980448,14.84548463990837,1,1.0
25.301322254938626,12.121032422615318,1,1.0
23.69317220155369,8.129339375934638,1,0.0
14.104802355453518,16.20364073265586,1,1.0
10.799918567131325,19.123408367884707,1,1.0
14.928960417617718,13.094202702759258,0,1.0
14.660719878401745,12.087818213832655,0,1.0
5.254982991970377,-2.122953010264979,0,0.0
23.329596530209244,11.004829042009955,1,1.0
23.61003863209144,15.10363020875651,1,1.0
0.5342460397872215,-1.9626736144061354,0,0.0
3.4929630101744458,1.7196032099163538,0,0.0
7.952345309156897,-0.8817278629982717,0,0.0
7.948215159058943,19.81724346006129,0,1.0
19.063274548411183,9.1696496044115,0,0.0
7.197931694192885,2.272328785932917,0,0.0
4.219965979401722,5.828521243998882,0,0.0
13.768595386206618,12.99291883701822,1,1.0
13.952576791921134,-0.012218408138647163,0,0.0
23.63449814214366,18.168370744440217,1,1.0
7.06060427721358,10.962347683178951,0,1.0
9.383298843897196,15.142150330183721,1,1.0
2.0603340154388445,14.056300957455562,1,1.0
19.955949952840495,12.052281743546992,1,1.0
6.687682327695643,1.001771310267845,0,0.0
4.290200991878119,9.137126953502904,0,1.0
17.858867746389148,11.893259400565587,1,1.0
14.714952280227994,4.151631015286128,1,0.0
12.416080994566913,9.74348105004325,1,0.0
10.848680359118593,7.814109547864575,0,0.0
0.6836400001801266,2.163035163755758,0,0.0
6.902803091144412,-2.044390964983169,1,0.0
15.389891158733318,12.66320816783454,0,1.0
21.539821306981846,6.104513730771728,1,0.0
3.3815988182689587,-3.1489917472454536,0,0.0
14.744434513577845,5.471641583443546,1,0.0
15.967007004530343,10.401553135333586,0,1.0
29.29525282248608,4.197716560520959,1,0.0
2.1447157479232737,-1.1331203581355958,0,0.0
3.1669440146388377,7.902580886910979,0,0.0
2.718814034708064,12.951509070948902,0,1.0
28.558050498547846,11.925239560214457,1,1.0
8.941408943030304,9.264105733348021,0,0.0
8.283959495627888,-3.2720140282588446,0,0.0
7.960362175391317,8.991445574706166,1,0.0
12.914060705190112,4.363398340280558,0,0.0
22.88852334926487,11.208538343278196,1,1.0
8.643493224754668,2.103312921762683,0,0.0
9.358118971985139,2.8429160379841036,1,0.0
22.866275979561596,1.8556293873628675,1,0.0
4.6590666775332075,9.378336593089788,1,0.0
27.759963156300184,12.936870548211232,1,1.0
6.2726118233394565,6.893896215540895,0,0.0
9.399500432207745,6.314853858249453,1,0.0
5.15527837365235,17.108283420476955,1,1.0
8.176689890694098,5.228139758500799,0,0.0
19.899899571192652,2.6536336482883733,1,0.0
9.323316440902426,12.033287893055565,1,1.0
23.840242122936925,4.061936501314648,1,0.0
19.772684773881885,7.894980117877186,1,0.0
2.346382585390132,9.078278764608186,0,0.0
11.093761679708077,2.0266699155192605,0,0.0
10.061849066455125,11.290742292440772,1,1.0
10.781135673899321,12.039486057728904,1,1.0
15.26303178051032,-2.116762074012179,0,0.0
10.24678611012781,15.05520741368171,1,1.0
13.389680732783043,17.17106787017524,1,1.0
9.210130336766573,11.827568961242704,1,1.0
3.054047075749524,5.225050481004764,0,0.0
22.37333679221983,4.092137370070553,1,0.0
12.139787001291962,-2.1231327070824086,0,0.0
5.553064238435087,7.653693294081041,0,0.0
6.932424049045079,6.0091676993451415,0,0.0
19.446622923297028,13.883907990080182,1,1.0
25.489986369775213,9.632865863440227,1,1.0
8.983215490236661,0.4578671679743138,0,0.0
2.8391931534661534,8.339622082717963,0,0.0
29.838195640939144,14.791655148888829,1,1.0
21.976018098286197,6.989185521459628,1,0.0
6.158191085427422,12.285747679294925,1,1.0
23.56678186663724,13.120671507799255,1,1.0
2.6424412610208865,11.053841951533506,0,1.0
2.790553354839159,10.007326225049578,0,1.0
12.711454516896,3.831218644898417,1,0.0
10.058258083461265,11.141804286059742,0,1.0
6.720816965765389,-0.8370747104783192,0,0.0
29.63443373839477,14.347395183639538,1,1.0
15.400457119558418,5.798218889800204,0,0.0
15.94151998478228,6.860599783180419,1,0.0
9.646495106272774,10.87009980628303,1,1.0
6.895414907003479,0.8733338981076493,0,0.0
9.054633900536148,-11.19419730978666,0,0.0
20.72252410226572,3.8772789103613405,0,0.0
10.716077920501393,4.7718067468873,0,0.0
19.31186921191579,19.09397475557584,1,1.0
23.596352501791134,21.203506712214118,1,1.0
1.9420864267871227,-0.8926036447431223,0,0.0
7.324193824916805,-1.192528365710107,0,0.0
5.119344621148419,6.990719250125888,0,0.0
15.390399675831771,0.25799959257401994,0,0.0
21.50032788931678,7.861644120431524,0,0.0
23.138566550703676,6.8736908677984765,1,0.0
16.881130427632495,9.148677995459927,1,0.0
15.881774280575353,17.14408039747331,1,1.0
24.053427562870517,12.2486892372305,1,1.0
8.316260949225178,2.675989855915912,0,0.0
20.048201316673975,19.10250734938997,1,1.0
5.34827866511526,9.98372504720107,1,0.0
9.015336958101871,14.16887098962955,1,1.0
9.716588013005257,2.780444123904978,0,0.0
6.477692903436484,-2.778076106483681,0,0.0
10.3251452309629,9.116541523506392,0,0.0
11.358717929024989,11.932955134762352,0,1.0
19.011874367718004,25.020443373033196,1,1.0
5.305663283585949,2.1463358845789777,1,0.0
14.990476474099136,5.091060188632781,0,0.0
15.322935516748545,2.545901292498854,0,0.0
29.829080316159924,13.166296623540756,1,1.0
21.13288934799203,6.93542320696093,1,0.0
8.627698169495273,5.9312642720869135,0,0.0
25.141586245165,16.139155122838385,1,1.0
2.890341807155749,8.89750802653294,0,0.0
7.478663947977627,3.52394896266928,0,0.0
5.451085220856992,-0.27748233525166555,0,0.0
23.98990581954225,13.884607888861758,1,1.0
14.007902662282756,2.883590465764552,0,0.0
0.7867113511885537,-5.875904278324185,0,0.0
3.743322466994296,11.943339272874706,1,1.0
27.44562529774333,6.84589970352183,1,0.0
30.96799978112608,9.230948592461093,1,0.0
5.5866040854938595,7.271323115568013,1,0.0
18.500416620531546,10.053953325829962,0,1.0
18.052102438056593,5.858711942873924,1,0.0
4.554307008373585,-2.0302863462744583,0,0.0
1.777903583063043,14.0211984637766,1,1.0
1.867952498269823,3.9320398794073945,0,0.0
23.092309353081326,6.714782745099384,1,0.0
17.52489887586957,9.27028806430824,1,0.0
14.206091476909435,13.868764093407187,1,1.0
14.017763612045805,1.887510007688082,1,0.0
28.276692194085637,3.7720590875069817,1,0.0
19.801960110137863,11.517724964852356,1,1.0
0.678883276034768,6.695458208042041,0,0.0
9.645017814657564,5.254337515709395,1,0.0
1.1744251850764105,0.16413826662317987,0,0.0
9.610246264105298,15.19827692584563,1,1.0
6.67389104127618,21.92049422890852,0,1.0
5.827838194207263,3.9273451646301893,0,0.0
6.893473814454132,6.004623844256148,0,0.0
3.668196834853319,5.7250498952800015,0,0.0
11.510157212624115,-0.9818938840705407,0,0.0
6.256998022192476,5.063814504977145,0,0.0
3.619958743701929,25.08748735341714,1,1.0
11.414371890402826,7.908918599486565,0,0.0
5.621580232141555,7.0506762784209265,0,0.0
16.563631345003415,12.932988024203134,1,1.0
11.248840009313826,7.186897479894405,1,0.0
27.76389492940846,11.120854673537877,1,0.0
25.804188912112707,9.123870925347909,1,0.0
14.385159998277475,19.04688866995822,1,1.0
5.416231350587017,7.217604415579977,0,0.0
14.226764482213902,6.087215423759929,1,0.0
23.151396452779657,13.569690075825342,1,1.0
2.7944319247759286,3.893208819244908,1,0.0
4.179811677844653,4.7970956624310475,0,0.0
18.013238250979683,6.893367793005197,1,0.0
32.80332516938704,5.58466391967605,1,0.0
15.513678448201052,19.79750919000491,1,1.0
4.813581648846772,0.09646367889662599,0,0.0
26.385657399649727,6.084072048304279,1,0.0
3.1777298986735683,19.177495313855758,0,1.0
22.72615596324717,12.183846134134484,1,1.0
8.151054205720861,11.078149587470293,1,1.0
14.97451885571725,21.13667762908106,1,1.0
3.3103236005969805,10.915558062543433,0,1.0
9.879504506778986,9.941288755135833,0,0.0
21.358313894166105,10.775012906053618,1,1.0
16.669898895785135,9.078332390988592,0,0.0
14.71074284464799,16.340146583097155,1,1.0
29.352911632400566,5.774508145119704,1,0.0
16.004842133942404,1.1635668821430691,0,0.0
10.263656127024344,16.91026664344261,1,1.0
4.569789436277827,3.1013868230640007,0,0.0
3.3383188106208,10.855007607635383,1,1.0
11.781174365391152,10.790407556990896,0,1.0
29.091486218441126,12.299906046250332,1,1.0
4.631883841446781,-3.1983329660846103,0,0.0
26.995339753801453,18.233655852252532,1,1.0
25.80949251468258,16.080757704530853,1,1.0
4.7277701329464525,13.160304853484966,0,1.0
2.481450973090724,9.008080641909128,0,0.0
7.9383573879800515,0.01872895972676858,0,0.0
14.103662381189256,16.940756828000723,1,1.0
4.403878769118513,6.3632596571831535,0,0.0
3.3093322158772525,6.598407271582836,0,0.0
14.883152044517661,3.5819830217779725,0,0.0
26.582786427648237,7.980217558569475,1,0.0
1.6053380816295668,6.265400130812026,0,0.0
31.894434385635645,9.286993084213236,1,0.0
10.15316606415061,3.1039106569747688,0,0.0
3.5908794423506825,5.776994411729536,0,0.0
7.037303694686473,10.863544367822886,0,1.0
13.830775189739008,17.88713494281695,0,1.0
17.386487244151652,11.159733563740414,1,1.0
14.89528467595492,7.6427773998104485,1,0.0
6.959854325530944,0.22272216918187482,1,0.0
6.3604290453562715,7.292901073399879,0,0.0
21.28875119183632,12.830505610048878,1,1.0
10.892013974267767,11.01754297911619,0,1.0
9.675659721337032,-1.540669406234862,0,0.0
4.972768198142205,0.17483283510160064,0,0.0
19.6297271752249,5.459341667390145,1,0.0
4.757522982423688,6.864024249424858,0,0.0
15.464479233414593,15.011801202924271,1,1.0
4.467156949447623,14.079610571774857,0,1.0
15.986708744384377,2.6343247984368396,1,0.0
11.537512605977039,20.754796350613347,0,1.0
6.9909610831519755,6.885476077467686,0,0.0
8.323720982488549,0.6819450297307874,0,0.0
6.4087073890490736,8.926277993522092,0,0.0
23.82708171843105,9.852375547240612,1,0.0
23.908142182164593,13.004128789819024,1,1.0
4.8846413091911005,17.852521203905507,0,1.0
1.3821387894952935,5.9793277653905506,0,0.0
10.692653953565443,5.04898595779202,0,0.0
7.225384290579703,4.1445054818130735,0,0.0
17.974031598759325,19.14624104408537,1,1.0
26.991878099649934,12.046817066335223,1,1.0
2.0575048969472065,-1.0946472822621942,0,0.0
3.1398523582386217,8.88620813931134,0,0.0
6.87938421586735,2.8232415826601738,0,0.0
6.776963188999767,1.749030291089678,0,0.0
13.963804282886004,3.911629306290738,0,0.0
4.520515965622825,3.8699173509135427,0,0.0
25.041649877439973,12.052362698877989,1,1.0
9.741316515844733,4.3498924356489255,0,0.0
12.216451463346695,7.073993623364359,0,0.0
2.439555499792497,2.095450670707777,0,0.0
4.877180201408326,4.555468134924215,1,0.0
10.679782992626352,2.7348608667798615,0,0.0
31.372472335034345,14.062741139680575,1,1.0
13.515020614814235,9.027640595025762,1,0.0
18.113570402028408,4.145162685083005,1,0.0
6.818116015567907,9.489613532159897,0,0.0
6.859636999725245,11.602580589185731,0,1.0
8.64929531812026,1.7228550069696666,0,0.0
10.984384101138673,2.1618089982966104,0,0.0
22.973458040321,18.076051255979035,1,1.0
2.705164733001607,13.168824774279468,0,1.0
20.287738601025303,8.24234922010218,1,0.0
5.624270579227557,3.8660072526126186,1,0.0
24.513596388276675,14.093557853810854,1,1.0
5.81131281502785,10.698599123412734,0,0.0
5.384301895972511,0.24899395625919496,0,0.0
10.159781306114644,-1.8107334005131008,0,0.0
3.209016275300972,6.906400388671177,0,0.0
6.407544526691599,1.844505758467342,0,0.0
11.743929176944818,16.97924941759989,0,1.0
3.89620018263959,6.114134399598793,0,0.0
1.996060363534306,6.074415222612139,0,0.0
15.016297690000215,12.913636656961582,1,1.0
30.482090774123737,2.068475703228618,1,0.0
4.161065809707296,3.029275043499389,0,0.0
30.35513514772088,15.8741474610154,1,1.0
7.702267319448286,8.364568179696981,0,0.0
13.282980839821349,10.249556286275105,0,1.0
8.65026450435606,9.904959138622921,1,0.0
17.254844157196473,14.305237827150272,1,1.0
13.073108895695368,-4.702920840957081,0,0.0
9.054159464777216,3.0127881499154157,0,0.0
4.596452963993668,7.788031378874912,0,0.0
9.901305188523493,9.406248056300264,0,0.0
8.486342641436567,2.762271938622,0,0.0
30.63805514155702,13.284313961061883,1,1.0
17.60019504457501,2.159083718487569,0,0.0
29.86134222592252,10.974017053699047,1,0.0
11.59535742421206,6.895860319974364,1,0.0
3.059115880320667,3.864325464084171,0,0.0
2.6237353189525896,-4.984087763659211,0,0.0
5.000832073987333,-5.30273053620126,0,0.0
11.869986615607912,3.887726593307292,1,0.0
17.18632357093148,10.829173374560533,1,1.0
5.979080297954401,-0.17496377097062066,0,0.0
7.750008790023426,3.9709215815712824,0,0.0
2.2023143680460024,5.084150878807975,0,0.0
6.083097483773427,11.161711852991477,0,1.0
13.28607542806018,3.739903483391071,1,0.0
8.83402270461897,8.983946916603799,1,0.0
16.90739317245537,14.853091230981232,1,1.0
1.8716534578105333,8.98880699693644,0,0.0
23.63034198598827,15.79316522160746,1,1.0
9.707247563293803,11.965948451517374,0,1.0
7.614363605722459,20.04701725058946,1,1.0
17.088121474718637,6.097838576667282,1,0.0
7.731588438678601,-2.130794675328879,0,0.0
8.843217740591154,10.992520032060767,1,1.0
7.075264351018781,-3.7436231281195482,0,0.0
21.811687958141242,24.04329219541414,1,1.0
5.6551822459862535,5.40385432990908,0,0.0
16.694018529052073,5.995027373261024,1,0.0
10.771729510309347,13.292928171363755,0,1.0
8.965109319556998,3.282542625096685,0,0.0
26.150151864976973,14.668114249359505,1,1.0
9.574251968714634,-3.267128055796544,1,0.0
2.075998461739459,2.1745731149960754,0,0.0
19.909146903822627,21.979575237155924,1,1.0
14.205663960227373,8.120725122219568,0,0.0
10.963031370635074,9.980269113384399,0,0.0
11.705559258723465,17.226730253963883,1,1.0
12.21218771150838,0.2049577251216128,0,0.0
13.680437369807233,4.429676583129911,1,0.0
9.288301636426143,10.052463477302748,1,1.0
15.852224414153339,9.211974786176125,1,0.0
4.55784043514126,-2.1538039532224857,0,0.0
16.94054409632127,21.993467314652268,1,1.0
27.51746257700954,12.918529195249736,1,1.0
4.620684369241296,2.924761240029355,0,0.0
7.936062832283448,-0.13578999515758383,0,0.0
5.183184442212687,-2.183704825336921,0,0.0
4.003071267314224,5.274619141283701,0,0.0
13.81011817040674,7.337006798053871,0,0.0
9.998946066449607,3.7685674976577417,0,0.0
4.310065277988703,4.775552975888708,0,0.0
4.892246427596974,1.3494520712535873,0,0.0
3.225826735040599,7.074120121718909,0,0.0
5.549239588652201,0.7731074329834584,0,0.0
5.277810937639189,3.9349117831155738,0,0.0
2.5198999595249267,12.777517574239031,1,1.0
24.84415856046357,6.981070234705641,1,0.0
7.36118283606253,1.1661800550938075,0,0.0
9.579955366473179,0.11518390500962639,1,0.0
5.821613951773896,21.36509905554995,0,1.0
3.239230777804347,4.831927335916458,0,0.0
12.764903975895516,3.4037002804766416,0,0.0
4.573999229525629,7.978603510010647,0,0.0
21.120330427547163,11.61976319640041,1,1.0
2.3378600222533694,8.760861822146605,0,0.0
8.718631445841977,4.165248854412127,0,0.0
16.237801636293096,13.21066856682285,1,1.0
8.078162848153534,7.994276426118958,1,0.0
9.53877808513998,-6.114248361884936,0,0.0
10.513832219859433,14.184640636403532,1,1.0
3.6131607214421204,6.751220180595624,0,0.0
11.854569603855575,-0.41789572578727885,0,0.0
10.388308237790017,6.929858359863697,0,0.0
12.79045957232708,9.621120140604386,0,1.0
4.187412126418747,1.1870827494810463,0,0.0
7.071983911525837,7.161651808033163,0,0.0
18.28104262173224,15.869310343102413,1,1.0
12.69251461544841,2.3395236605778535,0,0.0
21.615019427894275,12.06081933789758,1,1.0
11.607713549882885,20.813256870100336,1,1.0
5.760012557894377,4.301991156526444,0,0.0
31.47467658358667,10.090580482482007,1,1.0
8.808186359120965,1.0481082372174555,1,0.0
5.514727832576726,2.5824095391945896,0,0.0
20.134053699862395,6.988499582083726,1,0.0
5.981032724221343,-0.8946812264945407,0,0.0
19.433948827649484,14.475955006064783,1,1.0
1.5135141733593387,7.0559480421199865,0,0.0
5.62772420554418,5.260937637720879,0,0.0
3.0077149905738434,0.3288616133605302,1,0.0
9.096273323004088,-3.9104058594769775,1,0.0
20.031748225276957,10.656461144209981,1,1.0
11.63290099824361,1.8456815431727982,0,0.0
10.51208737641053,3.9539608680636498,0,0.0
11.520604497803951,3.477573185190959,0,0.0
6.6318566493854165,5.050324809003477,1,0.0
24.794777691409706,17.012688994063822,1,1.0
4.578734052747143,4.973066431851269,1,0.0
4.9130418474703745,11.144805993046798,0,1.0
11.782312076609667,5.055553420505245,1,0.0
1.178297251494195,8.900332015765212,0,1.0
12.373418683788755,13.114978594024603,1,1.0
13.03753548099436,5.010364383523708,1,0.0
2.6681278794063825,1.3107234870841218,0,0.0
17.603832805245442,12.961324541218307,1,1.0
14.522757607466886,7.215374535036819,1,0.0
21.87477475891463,10.100922817147868,1,0.0
15.382232876669827,3.976897963492725,1,0.0
27.14689492280251,6.908660007294863,1,0.0
13.457724283136818,1.2640595584198877,0,0.0
22.147944401868788,14.81020853929563,1,1.0
3.5335780313295806,3.7143583009107566,0,0.0
15.032296281744264,-6.7609790260122615,0,0.0
23.460661613439346,21.11744300328315,1,1.0
5.755282762413322,14.713769161033845,1,1.0
5.4044047663569925,-0.7892005355068648,0,0.0
14.909280586238562,8.94262906470427,1,0.0
10.611621347057094,5.878676653327169,0,0.0
17.691881087078094,14.095130065652569,1,1.0
7.451687035776755,9.921809503792712,0,0.0
7.650723641523851,2.2763214955707483,0,0.0
2.5026275488167156,-2.693623368284456,0,0.0
3.9369840644186027,4.7698492161423935,0,0.0
22.832468832798437,11.908434784490865,1,1.0
11.504419132469312,-6.097420598275001,0,0.0
4.622540363826167,6.9418247204189285,1,0.0
1.7986387044901029,0.049096522194126635,0,0.0
18.58980337484471,9.973082388969232,1,1.0
2.4582167169799067,4.917879102695213,1,0.0
13.950164409038463,3.0540071789421646,0,0.0
6.099312821015221,11.196784096856778,0,1.0
13.319481603642013,1.1128023947045804,0,0.0
11.867268251237796,0.11768914925312757,0,0.0
19.801539718027882,4.828626714742594,1,0.0
5.192067185879854,9.99688432458381,0,0.0
3.0406484157224414,7.87210842643627,0,0.0
8.518306729895263,-1.1774155170928253,0,0.0
15.25450302353537,8.849006377203406,1,0.0
6.082279903603269,21.92342573984285,1,1.0
29.329610431266243,8.815365786621161,1,0.0
11.687485221136734,1.1916842657436995,0,0.0
13.249337508229537,11.01179238929777,1,1.0
32.33183282599887,9.949342145977099,1,0.0
18.1759008158854,11.006374326423284,1,1.0
32.27041505580474,-0.20246120422608627,1,0.0
2.9636100712145934,-0.15974065292773787,0,0.0
8.340201665509396,9.107287265579988,1,0.0
26.133639056700353,7.2700298940062105,1,0.0
10.042870220414708,10.855412751450302,0,0.0
11.077518675998837,6.956448273324241,0,0.0
10.284661508250686,13.772618681943886,1,1.0
9.132144683944697,8.130568454043726,1,0.0
10.738337537361184,9.728881292299121,1,0.0
18.146633641699175,12.796049591240823,1,1.0
10.379907100365456,0.048520540640168974,0,0.0
1.9829690576833885,6.214260828142713,0,0.0
2.3202005124690164,1.7311252851651524,0,0.0
18.9350909546093,9.411237948148049,1,0.0
8.313073829475876,6.093069173155108,0,0.0
10.177327986471976,5.235054283283734,0,0.0
7.0641278116741795,6.881336838657589,0,0.0
11.065669067478737,6.933008281332775,0,0.0
12.558949415984706,7.132312764062963,0,0.0
12.136190697222194,14.435589804191626,0,1.0
28.346896822477095,13.848149627985247,1,1.0
23.368266981814052,10.329785475757763,1,0.0
8.796480989530297,15.427650394838228,0,1.0
3.763390514923521,3.0279087528867343,0,0.0
26.700220251254645,10.65602464024633,1,0.0
10.206365044078312,3.126151777638256,1,0.0
13.443337858062122,11.823425018056057,1,1.0
9.737587180947804,-0.22851991670767546,1,0.0
6.58418621163054,12.06704824444671,0,1.0
6.977071615291909,4.143596216612639,0,0.0
28.25934964216867,-5.940384940106217,1,0.0
18.817820365611833,8.886511945686493,0,0.0
10.622613547179673,2.198831045759693,0,0.0
17.10603690514917,15.055854108215144,1,1.0
15.29830035464566,12.941209098457147,1,1.0
26.596600043376743,7.723660204498454,1,0.0
18.163165649913896,-2.205709779108762,0,0.0
1.0027029314302736,5.162579451128575,0,0.0
12.505836238642788,4.330347952955979,0,0.0
13.316744357942227,14.05682816382027,1,1.0
27.166538426035764,10.183460965575641,1,1.0
18.669963599320216,13.001030181310039,1,1.0
6.798725726932934,15.35888756686375,0,1.0
14.841338493682843,11.204633019528853,0,1.0
1.926227155650246,2.887129161846257,1,0.0
29.720017513486237,6.855330737921509,1,0.0
2.7999157563871817,-2.0325448683748313,0,0.0
2.740341509160375,-0.6666503896790665,0,0.0
19.837622677741315,21.818529066489546,1,1.0
15.269692865776678,9.689645055463714,0,0.0
11.850814070756035,5.013158590898261,1,0.0
21.6805009719687,17.85365278674454,1,1.0
16.00784382749984,5.033086158543984,1,0.0
9.157222258150366,6.712042525774098,0,0.0
18.924845266710093,11.9916499538481,1,1.0
16.305838300471855,9.45127985369388,1,0.0
4.691879871661137,4.137242004582838,0,0.0
32.746732003014635,11.162898220749522,1,0.0
6.366016421722727,8.80861464433805,0,0.0
5.3906270763871955,1.100083002739769,0,0.0
3.913894235958312,12.634798071699215,0,1.0
19.471676745382272,16.149789874749466,1,1.0
16.972396201933464,-0.32062877738668405,0,0.0
1.8367041381543856,15.126082038082163,0,1.0
8.72101659185829,0.09135671791574396,0,0.0
11.523061997953743,5.096380126184016,0,0.0
20.570845774926337,1.8029924207252357,1,0.0
14.394784245394185,18.19852198921763,1,1.0
16.459886156903508,14.123766146148139,1,1.0
23.575578580422352,6.9802550459039665,1,0.0
9.556228222168146,13.36878163460366,1,1.0
2.937485186428925,8.046423919625795,1,0.0
11.945191165599114,4.127527079648068,1,0.0
12.145386390446852,15.774959902787586,1,1.0
26.770225664399888,21.904999810312688,1,1.0
11.672328250481819,3.5147920389875225,1,0.0
6.192553897270909,3.142393570612061,0,0.0
7.235800984600825,0.7467931589316024,0,0.0
10.319575049285767,16.18637163686813,0,1.0
3.0319211757554867,7.8648199413878075,0,0.0
6.459402903974856,-3.231108240994356,0,0.0
18.532102792741675,14.156007200205558,1,1.0
7.275734580095096,6.037349224773038,0,0.0
7.014631455067533,2.1781194304070404,0,0.0
10.50984935249145,10.12771460105164,1,0.0
9.523439767032409,10.771188574827537,0,1.0
6.741940181127556,15.84169054015317,1,1.0
20.810107749845542,16.120572399706074,0,1.0
26.618905854813505,16.90012669332702,1,1.0
10.777726311858283,9.217280701496119,0,0.0
6.004757930353807,4.977964939460701,1,0.0
23.166867030198443,6.112606954874266,1,0.0
16.987106439074907,3.0981919637704287,0,0.0
7.732318980154209,0.2742349656779126,0,0.0
21.90780630263024,9.21636889063329,1,0.0
7.120911351684657,9.767129936715602,0,1.0
12.038967134425318,-2.77189577589181,0,0.0
4.932588258266164,6.787308268633243,1,0.0
3.6841280596902384,-1.347332810158406,0,0.0
16.56565614779787,12.63786964320828,1,1.0
28.630925087259573,4.159449348716965,1,0.0
18.266547195395113,4.0588191110175025,0,0.0
8.951920326131315,6.464488151498994,1,0.0
2.701282558792109,3.8599950266358753,0,0.0
22.76968628562673,-0.14751907822653365,1,0.0
16.288341201992225,9.050869341884038,1,0.0
10.117906429820147,9.10524431785172,0,0.0
16.851667240172958,10.957057783361112,1,1.0
3.2243109069711298,6.838122545406115,0,0.0
19.972046951835132,10.746339834395936,1,1.0
4.50540538000787,12.956121733983903,0,1.0
3.7757026873304236,0.16830188623423936,0,0.0
3.1353530993832184,5.939811321495078,0,0.0
14.12542846585855,22.21239576061262,1,1.0
14.161281469228449,14.872302975724306,1,1.0
30.782834822424537,6.07554233978334,1,0.0
13.357548719626536,1.0932479715633008,0,0.0
2.0031732721539557,3.2081133810703264,0,0.0
19.591225273179948,7.16967373733716,0,0.0
20.177424542218557,13.160287124215284,1,1.0
20.85485807600713,4.091370219448567,1,0.0
8.391857730036373,13.710682855332184,1,1.0
16.86491180325594,1.8114425112379138,0,0.0
9.670120514962997,5.324148810502031,0,0.0
8.716389830526305,-3.1595636641496334,0,0.0
4.374721795238538,7.003473981512826,1,0.0
7.259556070000833,10.27400562026256,0,1.0
2.7596654110588843,6.8434852296059425,0,0.0
7.605848593373694,0.012399767777779402,0,0.0
23.45730310079478,16.803346947048997,1,1.0
22.40696465026941,30.125672933250904,1,1.0
17.523178495477186,4.123734498118004,0,0.0
9.136885936847769,22.045180860028157,1,1.0
22.6210705586726,8.31042345855385,1,0.0
19.684513538366506,6.410712590791633,1,0.0
6.502781497314191,6.94537869194216,0,0.0
7.875377241980887,7.670308063323237,0,0.0
3.7078651093199957,6.192376875478882,1,0.0
11.66260430738654,5.225400321162148,0,0.0
32.01874669302768,13.886484351301764,1,1.0
12.545331710251267,1.4352274591683738,1,0.0
7.063748370109178,15.063514914067301,0,1.0
5.487283388548956,9.182914374047094,1,0.0
3.2058564491459416,4.749484882907325,1,0.0
14.194364805893382,13.911277860791603,1,1.0
10.300694113539578,6.687892433147702,0,0.0
21.00097002077776,4.834474733409547,1,0.0
3.1678209523507004,8.957947103835288,0,0.0
7.386132002004021,12.140116281401585,1,1.0
6.551285690040247,1.0652191343221453,0,0.0
1.796318687227648,9.05671002902545,0,0.0
4.280835764919398,11.238906477084466,0,1.0
9.44405766661257,4.04625603508082,0,0.0
6.303016678268408,-0.9031458536194172,0,0.0
17.231180245980013,17.658913908581575,1,1.0
24.5496461319025,19.772034035602466,1,1.0
30.734826156877983,3.0507542695879764,1,0.0
11.600746710514125,14.719525279522788,1,1.0
9.556664777522942,-1.8070494204644696,0,0.0
29.89848190240653,0.8967102977842991,1,0.0
26.707049481801295,6.220015876482638,1,0.0
8.985067367549574,9.913849591749486,0,0.0
1.8413713131058156,6.877008072138427,0,0.0
2.2988749368223,6.992232869972028,0,0.0
0.7840117863135042,-4.1297918709411725,0,0.0
9.769652302738036,2.746899351361513,0,0.0
32.144344962599504,17.78145668172937,1,1.0
25.103729412436795,6.800247653587917,1,0.0
31.94624878714888,13.218237362979284,1,1.0
6.7173584354547815,1.3312031103635356,0,0.0
14.266173825617345,1.827565048472401,0,0.0
22.35447969965792,17.938911154661355,1,1.0
7.919215309138007,10.938545022536552,0,1.0
24.793388478060006,7.766578498496759,1,0.0
2.970938521372866,7.4752694707188,0,0.0
14.079784879312482,4.103580231756254,0,0.0
10.370426268094764,16.00380520130398,1,1.0
15.966816420465603,0.16167564939943446,0,0.0
10.252854608848569,2.0453803366415357,0,0.0
4.185060561529142,13.083216281592552,1,1.0
4.160572230804874,7.161704470446168,0,0.0
4.574616256942002,-0.25993597849212335,0,0.0
6.476770871062325,5.933094796274226,0,0.0
20.05345085812203,5.745515931897934,0,0.0
6.49116925917273,8.115174366223059,0,0.0
22.604283679176504,9.870807596070286,1,0.0
12.77266285588891,-5.673910831066721,0,0.0
10.982027940195374,-6.183372433286497,0,0.0
25.505466138357,19.870809182202724,1,1.0
26.932899867382773,7.066236865283322,1,0.0
9.35150470210445,16.163362880798346,1,1.0
5.0717485719505735,-2.8217909133394343,0,0.0
16.058385054034403,16.129966191142124,1,1.0
9.3617255486547,5.361542788889803,0,0.0
6.090130220734896,2.5462847215761393,1,0.0
31.910241829146734,-0.8735688631725473,1,0.0
10.433941429497338,-2.3703439336892487,0,0.0
33.650766001653686,11.305061416936887,1,1.0
2.083090004048802,9.284505807953934,0,0.0
18.872428106059235,11.885262292637073,0,1.0
20.81693759339249,3.373662450113475,0,0.0
6.488436708967192,10.994002696778985,0,1.0
7.037129003844384,4.102248916573796,0,0.0
13.439687992547016,18.84644817422494,1,1.0
17.963352959331836,10.850560630590081,1,1.0
24.39240103915881,18.793988372853832,1,1.0
4.191109579908386,-3.1989407751643917,0,0.0
10.285002751724802,6.648658546916959,1,0.0
15.655845510258505,3.7627058318648317,0,0.0
3.5160661378685107,4.289264508176327,0,0.0
6.006328556200109,13.275760398090519,0,1.0
3.2482488055366976,11.09948522600218,1,1.0
19.532124737834092,2.831711565284433,0,0.0
3.664520067976219,12.25937676854701,0,1.0
10.64893208003661,0.8688205649056115,0,0.0
6.828342501090375,-2.027353584159062,0,0.0
5.670329721319537,15.998525645824817,0,1.0
11.853088062036491,7.465199848181204,0,0.0
15.311489379432098,7.932062026700372,1,0.0
17.279808573653224,3.9538613422532194,1,0.0
7.318318885633855,1.9716946794818213,0,0.0
16.380957635035948,7.2231281268077545,1,0.0
0.7283456937294324,2.8536683813958668,0,0.0
10.500084617715778,27.185019728270174,0,1.0
31.211768925470164,14.822080886856632,1,1.0
5.820943310712538,1.2793506714742904,0,0.0
22.739887854457685,10.720661289412792,1,1.0
14.479701486934694,4.112421994533875,1,0.0
19.63764456466405,7.84721335373667,1,0.0
4.5798885408737595,10.21620739727097,0,0.0
19.680768919964812,16.9328476780117,1,1.0
20.632313867128712,-1.2229025031498146,1,0.0
9.259374774734757,1.81191224458642,0,0.0
8.765704910404128,2.92309938336788,1,0.0
11.610064804561432,4.939935544744287,1,0.0
5.61124528169812,3.8279369870612143,1,0.0
31.18506370320824,4.043764099395638,1,0.0
11.15642736903104,19.02014645637682,1,1.0
15.126563593134332,13.109609135799413,1,1.0
29.603774590805035,9.743363407860048,1,0.0
3.5746008276252956,7.349439241829426,0,0.0
6.918431830027336,-0.12805323446592354,0,0.0
5.018981343492676,8.169296812217326,0,0.0
17.387408121661746,5.20692004717807,0,0.0
5.628192311716342,16.076834110721986,1,1.0
2.3255488887610443,12.784566900525235,1,1.0
21.117343305974384,6.866756663782091,1,0.0
21.14731373643411,2.977937592459586,1,0.0
24.0288022879676,8.16736863150756,1,0.0
14.59406967919096,9.879635740633109,0,0.0
1.8810682308788134,2.6575440139210436,0,0.0
20.005582336468677,14.613533947313051,1,1.0
3.186774512899882,2.0570266751646535,0,0.0
26.23063052476591,21.044527745662602,1,1.0
1.7582382868257307,8.543572498295717,1,0.0
9.155521748351148,1.9745647113537785,0,0.0
4.948714744018432,17.11543373611532,0,1.0
5.554012873340877,10.103221756938385,1,1.0
20.52252259916658,12.07187277445437,1,1.0
26.68655516624661,25.000375713284967,1,1.0
7.87168747172837,2.0924646663368236,0,0.0
25.246205316644538,8.879000653217481,1,0.0
4.5857840755497765,8.701838970361205,0,0.0
23.744932159919077,11.344902291391378,1,1.0
13.161627274023065,18.46970980101847,1,1.0
11.453979947109959,5.084180960160534,0,0.0
23.855923801226588,23.786683896217404,1,1.0
18.79866403435734,12.1385804607276,1,1.0
12.40320645418755,12.139589719125293,1,1.0
8.190296290807936,-4.084128490717287,0,0.0
3.7173712977968196,9.975525038828696,1,0.0
28.887220533980933,4.677411428192272,1,0.0
3.0870263378020706,-4.239397834707553,0,0.0
26.626254159084166,8.867809855499477,1,0.0
16.686606227675373,2.1789264250625777,1,0.0
1.5178744578380299,7.259844893640903,1,0.0
26.810098208286124,3.8835068199931158,1,0.0
7.067643801194506,-2.102366019840286,0,0.0
7.496631648466985,5.261449511383425,0,0.0
25.27056200862749,14.511612382443275,1,1.0
29.489776350632855,10.391521935894875,1,0.0
5.565524541941093,17.171898895649903,0,1.0
19.549754855113182,10.212941745174572,1,1.0
15.503310039268923,11.804359336070114,1,1.0
4.963591866146063,1.1415898332507766,0,0.0
14.747707526889153,7.121558639902766,1,0.0
4.551647337719277,7.797045218763564,0,0.0
2.1241968291245907,18.98224376925545,0,1.0
7.125321760439493,5.937500610377008,0,0.0
1.6537199108036953,8.11823365309457,0,0.0
21.399602508538162,9.150263617808768,1,0.0
2.2012637898913585,6.753915740538968,0,0.0
28.636350808509537,5.098573145554614,1,0.0
3.4960873894827253,11.173902385766837,0,1.0
24.203551148967463,15.912513481189148,1,1.0
11.412396054132593,15.056489893284176,0,1.0
27.06902962803159,1.1369889632611319,1,0.0
4.417772700460875,19.134492582381608,1,1.0
6.986472810343043,-1.1112100855040303,1,0.0
15.82904020313397,3.1823363156455144,0,0.0
13.074024364628176,10.219228282973468,1,0.0
24.417063815560812,7.842328303425408,1,0.0
9.377213494123618,8.021016838191354,0,0.0
4.613884793014638,10.998924054685396,1,1.0
29.878353796881974,15.054901613875245,1,1.0
6.032956648044279,5.733088232980332,0,0.0
5.436007327486423,6.094856491930862,0,0.0
4.401958091473474,6.993163948220367,0,0.0
3.4179565323802836,12.217170811449236,0,1.0
7.858303767193894,1.0455930603019468,0,0.0
20.431217608779512,13.052140900243224,1,1.0
11.0977125658062,17.065827437289244,1,1.0
15.57680434430197,9.689227543848748,1,1.0
24.17211667527508,12.02586648681169,1,1.0
3.584065931254884,3.2342441402636375,0,0.0
29.027640356505774,5.076082777395914,1,0.0
21.766445167049973,9.029515440521735,1,1.0
5.953782860259893,6.139319545091272,0,0.0
15.459614359142684,9.986872670134574,1,0.0
6.911238570454318,2.04900181697338,0,0.0
8.12548756520423,6.761472885320728,0,0.0
11.61985032493382,-0.9498711970158773,0,0.0
4.142170475478344,10.210608204529898,0,0.0
7.046897615434078,5.100619439453226,0,0.0
33.302623037199155,11.156772803782918,1,1.0
24.569098196614714,10.993318359305501,1,1.0
7.4623009166796805,13.794544633117589,0,1.0
1.455957794112608,0.20194326262169326,0,0.0
26.455998460528384,11.748178660169078,1,1.0
15.25074880958728,8.953279435925193,1,0.0
4.775666444712392,4.182420103644493,0,0.0
18.919612704248078,6.4101434746289065,1,0.0
29.460289666812994,13.936502546840092,1,1.0
6.782572694962048,12.0679700963334,0,1.0
11.917308175741205,8.979557152509102,0,0.0
9.746218766093468,-0.021619453514549747,0,0.0
22.957839551256775,15.918649983921888,1,1.0
14.753146234680383,0.6652017114448725,0,0.0
21.99414238259569,15.784744610909012,1,1.0
7.290914214447585,6.906161597223356,1,0.0
13.892543313642575,11.080626037350527,1,0.0
23.003126690243217,10.37808017883589,1,1.0
33.11917273367565,10.957520948963019,1,1.0
5.212190381565027,8.218017333118972,0,0.0
19.962999189331683,21.107900306763483,1,1.0
12.807733434644696,-3.8416370399021282,0,0.0
5.622533410292469,-0.9406944775912685,0,0.0
10.084813479844259,17.846571676887535,1,1.0
1.2511279402304347,7.037687626504077,0,0.0
16.190494724608783,11.846862010004003,1,1.0
11.923517771090491,8.032376175067427,0,0.0
7.870460842391617,0.7366113895920208,1,0.0
33.09867237997155,18.72770264146952,1,1.0
9.305765042157793,8.184630909571762,0,0.0
29.669511745913915,15.687558635962485,1,1.0
28.080223330830744,11.853841176346258,1,1.0
20.574422900603466,12.797825147603447,1,1.0
11.364157762661652,10.58575092750607,0,0.0
7.626236604119831,-2.317311496508321,0,0.0
22.45238302705453,20.099128129799894,0,1.0
10.917463253511672,1.2529895271476477,0,0.0
26.067632688819206,0.8126833872473078,1,0.0
8.420893161178515,0.7811456407963568,0,0.0
11.745228082149003,6.025032413954261,0,0.0
17.455647614454275,15.03181017630775,1,1.0
9.536265183946101,9.935375675280625,1,0.0
27.304940531595793,8.029766455361962,1,0.0
23.276523620444536,10.008082067960139,1,0.0
22.48458111168136,15.698535347055962,1,1.0
30.267331873375838,10.727650735439553,1,1.0
2.3607726666686717,-6.873869598243338,0,0.0
9.979488099230469,8.38840510485631,1,0.0
3.629906525095878,5.286610527018791,0,0.0
7.463499764930074,-0.8566182387555941,0,0.0
14.826546079746256,6.895067373025256,0,0.0
10.44010943623886,9.879965763369153,1,0.0
20.553362950166527,14.956774799438005,1,1.0
8.54700506733522,11.830734808523133,0,1.0
32.26176261297841,11.22064158397777,1,1.0
24.308066895595356,19.126035303042773,1,1.0
11.468909875208846,12.103941793106415,0,1.0
14.489159326713589,4.530778521633355,0,0.0
8.106254931103896,3.128868388888968,0,0.0
24.207938411484864,16.848703766537874,1,1.0
13.160927600134702,10.375229175161603,1,0.0
13.967008034687963,5.683654782428121,0,0.0
8.344613240365756,14.267332226153442,0,1.0
25.887022808473674,3.761138703462656,1,0.0
3.759741891233927,9.0798919407903,1,0.0
32.704149121950756,8.100451794522165,1,0.0
2.1579114127301082,7.930107692838135,0,0.0
7.075647355488455,-1.7621785573818514,0,0.0
11.335188942995435,8.8838483034624,0,0.0
8.218120243273997,9.04260255677736,0,0.0
22.518369347901977,10.287474128224861,1,0.0
23.679437333154183,19.236156763475677,1,1.0
6.468549449120035,-4.939996674978403,0,0.0
16.4451750867281,4.958686072381013,1,0.0
19.12520200812754,15.973823925540028,1,1.0
14.027620419951964,13.178302317152124,1,1.0
8.134659581531356,8.687523388371677,1,0.0
16.932593660304583,13.94548821004004,1,1.0
18.985760968152682,4.631250102418367,1,0.0
5.746001591644203,5.731278156106939,0,0.0
12.829539411124575,7.936989537897137,1,0.0
22.627434870957895,5.923414220944846,1,0.0
18.76424875444513,11.243855387348756,1,1.0
11.226984322052429,5.935795662713076,0,0.0
22.59524764030023,9.725027238072794,1,0.0
4.320343839973957,3.9845726346162955,0,0.0
5.845389587567566,9.765234911338453,1,0.0
16.06232791628193,8.911659107021354,1,0.0
28.721786353196496,18.02489807877327,1,1.0
7.815557132179238,0.9180669473476257,0,0.0
3.570197525104078,12.872541338075887,0,1.0
10.043699202096215,5.263435129252247,0,0.0
13.37727509525073,7.996655296639876,1,0.0
15.230182419757712,17.860523268887356,1,1.0
8.865442098425097,9.283070959694303,0,0.0
26.044854976364025,18.5969883840427,1,1.0
5.416128119931057,8.092944053499554,0,0.0
12.948109169941695,-2.86911369996918,0,0.0
20.410872285428372,3.7595360982928163,1,0.0
3.0557616104274263,9.029969035349037,1,0.0
17.398511747416777,9.1866243843537,1,0.0
4.981347738014302,10.857184412632567,0,1.0
2.213624901506228,2.714294217527417,0,0.0
15.613532388689887,2.0970935826479646,0,0.0
25.481885552822884,0.1417174521506901,1,0.0
26.243793233122883,7.977975654699151,1,0.0
20.823205734571875,8.585636530311373,1,0.0
14.41094681281408,7.842451436772588,1,0.0
6.2231569107175755,16.87312993368442,1,1.0
28.89307457907805,21.661743449591206,1,1.0
9.54157896609078,8.90261933688981,0,0.0
19.64955678884835,14.342604765232032,1,1.0
23.782481004183108,14.991898951656434,1,1.0
4.262383433116845,4.117319427177627,1,0.0
19.12227652938591,10.180701465755792,1,1.0
18.097242067580343,11.887665952686039,1,1.0
29.01846648910089,10.758683187251744,1,1.0
4.829791612066916,4.08817160687056,0,0.0
7.11760401436599,11.223623943740211,0,1.0
15.317685705293972,17.72557077676065,1,1.0
24.64367337211183,4.07775510645725,1,0.0
3.300712986834893,-1.1815186529270818,0,0.0
11.300664106284955,1.1693515683744629,0,0.0
7.317434108503916,2.834571161891315,0,0.0
19.13236829762064,9.042342910865887,1,0.0
8.641101316119485,11.966960442823797,1,1.0
10.09457241371426,3.6702997154044468,0,0.0
6.687355226212839,2.963231439831283,0,0.0
11.141981882780795,7.5261418634086645,1,0.0
6.29848616743747,3.603687965921967,0,0.0
25.279931258646805,10.68705661507764,1,0.0
14.454217616717731,3.920077228104468,0,0.0
27.45366006584978,12.10843852131421,1,1.0
2.489831854245304,10.10362298440317,1,0.0
6.293827509676784,-1.9000386643128344,0,0.0
16.481480028057604,20.17237163475077,1,1.0
9.612311074743117,5.603203867029599,1,0.0
4.610268116727566,6.898104874152438,0,0.0
5.703091015779616,4.027990732823998,0,0.0
19.51534792080507,12.96993322320428,1,1.0
5.980243863948358,12.596258703991992,1,1.0
9.39899276901915,11.092600644379289,0,1.0
14.78132792798936,5.235007803175808,1,0.0
9.862604472240319,1.043253681533617,0,0.0
20.831564244605424,12.891799270066745,1,1.0
0.9025920518838528,1.097589844832811,0,0.0
6.7986374747038045,8.274173531310694,0,0.0
1.3703006814049512,4.106091549710353,0,0.0
10.378981444847454,8.799202726218546,1,0.0
15.539463321772859,11.013447263301405,1,1.0
8.893809447960702,9.985329133225093,1,1.0
30.111207856945903,11.56668619033033,1,0.0
7.346486320768256,5.940533700698737,0,0.0
3.4624777975652874,4.53960694018215,0,0.0
7.368076409373012,2.8569870795378307,0,0.0
5.672779973110787,7.799466206385034,0,0.0
3.918744512488317,5.000375766769036,0,0.0
25.84791182571869,8.822410917019862,1,0.0
24.14833627445955,20.086283002234918,1,1.0
20.594435768263587,6.163998270159659,1,0.0
4.987759889247876,-1.6395858567763888,0,0.0
25.3806906092909,7.610884324659466,1,0.0
14.915426953880372,3.8634881498878535,1,0.0
7.428087999758785,4.680634500018279,0,0.0
27.694562485443416,12.048148440976401,1,1.0
12.569250139388682,-0.20687133624837628,0,0.0
14.428803482556148,8.956535199576386,1,0.0
23.020324341684447,3.0371780520969125,1,0.0
1.2312214029860404,6.9343896178367785,0,0.0
14.822931648268474,7.438132087919772,1,0.0
28.13226120061654,7.22809284300849,1,0.0
31.42374249609707,17.862388903737614,1,1.0
21.987494640183108,14.271298303439462,1,1.0
2.398628258888988,2.872792347259864,0,0.0
3.072759448078829,12.035572758159965,0,1.0
12.13340513705742,9.73267875298675,0,0.0
10.68885718572901,11.971115315123896,1,1.0
11.156731436057736,5.804031422212766,0,0.0
14.15726395334619,15.061064574587657,1,1.0
14.240466320133702,4.20799568764652,1,0.0
7.407623919188807,8.825228411078331,0,0.0
12.85092708032361,12.168078235134619,1,1.0
12.09577266715603,0.8284664719787109,1,0.0
3.380853039793191,13.143022485001268,0,1.0
16.191541089492482,3.7069916984400066,1,0.0
10.477897603684022,-2.1326287050443504,0,0.0
6.472379581957442,2.9743387740025398,0,0.0
4.910456445611158,3.863616120556099,0,0.0
16.13834549615647,5.1232747813901085,0,0.0
8.021230172454462,-0.6815182232413157,0,0.0
14.506595715830954,6.122140969018279,1,0.0
24.716618376672447,14.05246435844418,1,1.0
3.1124188299943936,-1.9697071838110212,0,0.0
21.144532747749313,14.982852030302944,1,1.0
29.119293676979158,7.931256363303781,1,0.0
5.540847814691838,11.968593219248419,0,1.0
7.721572623903124,4.023408666962354,1,0.0
23.787599622717245,18.89687502024791,1,1.0
11.43982711836734,0.42428656641081375,0,0.0
25.59710027278452,13.049614234976168,1,1.0
23.70915229663703,1.9578927336719438,1,0.0
6.352733201563815,6.094929275794399,0,0.0
3.6869976793874244,-4.064759382307578,0,0.0
16.099273698832054,2.736970829185033,0,0.0
12.583782256497775,7.026097814974786,1,0.0
4.3018592191599465,-0.11705457642660377,1,0.0
1.9258140368790202,13.005902374925547,0,1.0
10.312948831154687,3.83059118505966,0,0.0
21.502551376013628,5.680439032755679,0,0.0
30.714055890734787,12.154977472283708,1,1.0
7.645086529635306,-2.741239111004905,0,0.0
1.231054517999574,3.685175078894215,0,0.0
9.710797801993385,-0.7989475920195197,0,0.0
28.517500297486922,15.014855382847305,1,1.0
15.41613263781212,-2.985678407219808,0,0.0
4.898589484858846,-6.622539779713499,0,0.0
22.11675655961018,8.023607965943263,1,0.0
10.566876121490859,6.695478465675716,1,0.0
24.098826172927833,11.017969267706889,1,0.0
4.739472860516322,10.13312158272316,1,1.0
31.07317028138785,4.013753558854855,1,0.0
1.5119583705079842,9.224585025893177,0,0.0
30.323380800531833,17.100158405426587,1,1.0
23.8159205712594,16.007936025921758,1,1.0
6.631564691706505,1.0221558283803134,0,0.0
4.378882922997433,23.79152977668832,1,1.0
5.4914718514551355,13.329689987086056,0,1.0
14.214002025565788,-8.161981157756927,0,0.0
11.592110242596782,-0.3122563666074072,0,0.0
14.874198827719315,17.205609973184284,1,1.0
22.685724468661498,10.162969691852343,1,1.0
19.578410862433625,6.885813210400485,1,1.0
5.057613895471362,9.66059129536994,0,0.0
26.80160699213802,3.9087112628560696,1,0.0
2.885134679167385,15.056389009338996,0,1.0
20.22403827918473,16.082608699271862,1,1.0
15.495441017975315,7.094819032572115,0,0.0
6.916759634073566,7.760993764121196,1,0.0
6.768062133016106,11.91698583264914,1,1.0
3.567311503852531,2.0443104628648,0,0.0
8.983756635701004,-6.191613575590097,0,0.0
19.232997383823403,4.073584799134906,1,0.0
2.1037898119164042,3.9242423330685057,0,0.0
28.185818237995466,13.766085817819132,1,1.0
10.036840677188042,-2.08981016052239,0,0.0
17.38655444565094,15.093584653093135,1,1.0
4.797597287546981,10.209869097468403,0,1.0
10.131960914838583,8.589753906207665,0,0.0
10.221403209566654,8.046798179514468,0,0.0
6.058109637901421,-0.1825683743025479,0,0.0
19.17053360085865,7.9830250440165536,1,0.0
14.924829596719777,13.025263510604788,1,1.0
9.26320913545457,7.921474447591734,0,0.0
5.963320419783968,8.00029557842938,0,0.0
10.18035140664466,9.010364840504984,1,0.0
17.102676494920257,2.2217948839311568,1,0.0
8.403155990645258,6.582393686344936,1,0.0
20.338218174676893,15.081630995038648,1,1.0
26.22908279649942,17.099201201939582,1,1.0
13.594445603411101,10.121262884866841,1,0.0
6.9732010539743,7.652689318627644,0,0.0
13.563338684910157,18.990089878574317,0,1.0
9.956345576993499,15.219886944371751,1,1.0
6.099538049451125,3.927669650085864,0,0.0
5.857202186171313,10.03082667503558,0,1.0
9.679907239599467,17.0368870377229,1,1.0
12.697302559639597,7.101712554484028,1,0.0
31.993678360903345,10.48637278750142,1,1.0
8.484841876915961,3.3684423614879293,0,0.0
16.160924748576228,-2.941248309458121,1,0.0
24.149204686062316,11.82495454967994,1,1.0
1.1339706389032713,-5.041356269175335,0,0.0
3.8364907604176173,8.09689711807285,0,0.0
11.558230148906398,6.051779359741257,0,0.0
19.443980611213036,20.04981558286688,1,1.0
5.806470117283359,4.967958734726178,0,0.0
18.505040024486906,10.16673471178855,1,1.0
9.732473681228155,9.005447123675808,0,0.0
3.4572574851585918,3.179252799954785,0,0.0
32.46933612756394,-2.0307261967822186,1,0.0
18.16357598908177,20.025229289940256,1,1.0
9.225404974609333,2.2359896294488912,0,0.0
6.450583975991887,6.038926853922863,0,0.0
2.4678257386860083,3.120630215030399,0,0.0
8.90310225731541,5.1465617029209625,0,0.0
10.173031505707275,3.2510213749783254,0,0.0
26.354235935625002,-0.8696387591320409,1,0.0
12.199451724438962,2.0534555082448733,0,0.0
6.722282284231837,18.898640677744453,1,1.0
11.651451460459564,8.541968777787488,0,0.0
3.7468222059841962,1.4525891493246874,0,0.0
17.605809174852766,-0.24681230796418774,0,0.0
13.431477453568741,3.1318309907965087,0,0.0
15.413783691273498,0.11935762249938975,0,0.0
7.270974350584476,14.001311452790215,0,1.0
10.036603174627569,13.95073555786998,1,1.0
8.976364282938032,4.97738215681294,0,0.0
17.44113238668711,3.891356867410721,0,0.0
9.094572768583358,5.773319149094576,1,0.0
21.1584400392014,15.007079935790948,1,1.0
2.5718643152958967,7.160353384318036,0,0.0
2.950740730609043,3.238210951931915,0,0.0
7.519946105863308,8.618185719951459,0,0.0
9.871308482003244,11.812745210669025,0,1.0
28.200516968098466,6.840667709692813,1,0.0
6.477242530302203,10.199971250545435,1,1.0
18.18440274374239,8.170809721487263,1,0.0
2.065088841273767,3.1868718045734354,0,0.0
11.522590616881581,2.8807251506943636,0,0.0
21.060482507699763,10.9101730896706,1,1.0
21.374409539561263,11.056695155471818,1,1.0
17.966820417346323,11.912969037437975,1,1.0
16.258716032538107,13.135917650502751,1,1.0
5.590898629893068,5.754822954871063,1,0.0
21.283142330082512,15.899068195532728,1,1.0
21.34932137275985,9.125840478446918,1,0.0
4.551420706759227,5.756701237648027,0,0.0
5.928894901277514,10.556061265839155,0,1.0
7.6283257942701885,-0.07973946286708866,0,0.0
25.32227147543418,-0.12267590190995747,1,0.0
13.413179622930382,0.4138267570579721,0,0.0
19.986763551476535,6.771503805243832,1,0.0
2.890381260444118,4.84190472001454,0,0.0
10.402273979849818,2.9541273622965782,0,0.0
6.09283795822029,11.764059296207034,0,1.0
7.420601536820921,10.83811235261815,1,1.0
1.4410803851979614,7.64056547497626,0,0.0
30.762959034897616,12.950203902177268,1,1.0
1.9248425431627858,-0.0051235878876561,0,0.0
17.93073522303811,6.004582619137995,1,0.0
8.152422345309352,7.765018625447645,1,0.0
4.001684090774335,18.771310528025026,1,1.0
12.159396813842951,0.963740174863343,0,0.0
30.971099019181914,1.9010552619259933,1,0.0
3.8930790578576984,3.9739371018888363,0,0.0
23.78407438559373,8.785816534797004,1,0.0
15.03917940707431,9.075066646879097,0,0.0
20.257205624154803,17.073878005483042,1,1.0
11.777606226110336,-2.8149424640921588,0,0.0
11.749475912215663,5.548573717100307,1,0.0
18.772628262663122,6.165779671504694,1,0.0
5.679970940390646,7.010492736257593,0,0.0
3.8295227293459306,8.15555447530506,0,0.0
3.2444592468039204,5.585957639633289,0,0.0
3.1287591926352656,2.0497466534066255,0,0.0
19.94049875934732,9.113974371259111,1,0.0
4.111738776151737,4.001585734425671,0,0.0
8.929236011604875,14.194593271939524,1,1.0
29.164192665523267,15.741929293430172,1,1.0
21.810926473596762,11.97636546317624,1,1.0
18.495247328209402,13.030263610798016,0,1.0
3.0507952042239515,-0.13152690406666423,0,0.0
13.947365875477804,20.8406053106278,1,1.0
12.110266224618131,17.120399069892382,1,1.0
7.911721941934436,2.5362110534431856,0,0.0
21.0114311269683,7.9162914341112085,1,0.0
15.325295241818036,13.148187700495132,1,1.0
24.96406655131371,1.9999001775243919,1,0.0
2.917466425628909,12.083566576794436,0,1.0
17.41834436217683,18.200129437471656,1,1.0
11.962103221689715,7.747668974249695,0,0.0
10.603407116190967,-2.511292219605373,0,0.0
21.179187765525878,14.565681886886019,1,1.0
4.263095027979106,3.933936359445731,0,0.0
3.633013909059848,4.2289184807974465,0,0.0
2.131054349075795,7.008018170144847,0,0.0
17.95054812085758,12.763677687877195,1,1.0
6.781326179523343,-1.91964508124018,0,0.0
25.38338435735849,13.032372320373405,1,1.0
29.76141245057196,13.617315022459593,1,1.0
16.855380321330625,11.147282625622829,0,1.0
12.762586008594088,3.2091372772885336,1,0.0
19.77125317204921,-3.9560494449658528,1,0.0
4.2162824724824715,2.90524473967956,0,0.0
10.716657050249552,0.02776195944078097,0,0.0
18.264488754691243,14.056903176191252,1,1.0
24.276033466395276,5.765382083271646,1,0.0
7.695536989459527,11.099578887011042,1,1.0
4.449431253234544,-3.0995523600373787,0,0.0
10.043808957092008,2.8005440717074315,0,0.0
17.794314947906802,22.116830683591743,1,1.0
13.525286545401658,17.17435583178702,0,1.0
13.903323891708999,14.914771783689186,1,1.0
10.547283852402032,6.139432232401219,0,0.0
6.759862862345447,5.873546873935968,0,0.0
24.05726359861937,1.0589342938137847,1,0.0
14.348254799557656,6.775942782986569,1,0.0
10.472570009707782,10.887848349042986,0,1.0
15.845774356752353,9.157482671828085,1,0.0
4.044560084409933,8.208028024176837,0,0.0
9.269720679983894,-1.0975774303494106,0,0.0
9.65941301983519,7.988176307208544,1,0.0
10.4995817153923,8.710101013778544,1,0.0
19.612223958241323,13.969322938059108,1,1.0
8.170640047842806,0.6108601915730141,0,0.0
29.52431643101446,8.839076307400298,1,0.0
11.55427262875868,-3.1566647897163236,0,0.0
5.065820172296527,10.03642738180049,0,0.0
4.0548916585778665,-4.828823103695985,0,0.0
10.909785388252804,13.418683893619413,1,1.0
8.118756905926189,11.230875608379467,1,1.0
10.380472132278861,6.678112639550804,0,0.0
26.95556815958244,10.821868019361524,1,0.0
23.017276179083886,16.619320179238887,1,1.0
3.367086975233256,-1.0374166428770444,0,0.0
9.547906518038186,12.58447324493471,1,1.0
4.351300973953393,14.15604726761092,1,1.0
14.45596423519843,-1.934534007499515,0,0.0
14.097236063974883,11.870307471655241,1,1.0
5.255152241527213,4.788553831849175,0,0.0
1.3995062893850971,6.073346153046867,0,0.0
23.433573163979062,15.90534458655701,1,1.0
8.034930215875994,10.862105085384488,1,1.0
16.53350185078031,1.7183992922786118,1,0.0
0.8451848428507783,8.98812974963241,0,0.0
8.311808230402553,2.171492293565347,0,0.0
16.387422687302987,10.870722270723483,1,0.0
1.4048811003579815,1.2713625846319978,0,0.0
6.1591924368621624,10.177792887082433,0,1.0
19.888823478793334,2.9740425457961948,1,0.0
15.608356174002434,15.803909937993158,1,1.0
17.477913004362,8.86675962234873,0,0.0
6.607209826637382,18.318481789858307,1,1.0
15.638862182956084,10.301065798827192,1,0.0
5.223368087794404,6.815434729507899,0,0.0
14.490716395114061,0.9647162347165938,1,0.0
22.4461999262799,13.754644648015194,1,1.0
12.80136198520244,13.053072256585246,1,1.0
18.765238432198412,8.04909634686431,1,0.0
18.738357089726726,18.784652735222902,1,1.0
5.72264609167756,13.107869299103019,0,1.0
5.955371109632819,9.20433902230647,0,1.0
14.79154970125705,22.900785278049895,1,1.0
27.629281596656426,8.928568927975952,1,0.0
5.3458329119140595,0.3888832420720476,0,0.0
24.11849470149806,8.242063117659669,1,0.0
13.624380750972014,17.028963009979886,1,1.0
17.66795383733078,12.173784622601953,1,1.0
24.609518383972713,13.060114994106584,1,1.0
2.8650422613244233,4.418372772952104,0,0.0
25.919986734512005,4.1659933650560355,1,0.0
7.974283635987057,0.17725440262040593,0,0.0
9.393834623497819,16.152095303643055,1,1.0
25.11392654540644,16.839325961341135,1,1.0
5.2058456919719065,-5.829103469660485,0,0.0
3.3899542513310386,5.004369472698446,1,0.0
33.38624613392122,11.95080924890279,1,1.0
1.7653188218634182,8.64349284828248,0,0.0
12.549940696011328,8.045039424262384,0,0.0
16.71741740900064,17.16287968404448,1,1.0
3.105910531930136,4.957729644616293,0,0.0
5.870006227034571,3.000608047572019,0,0.0
4.65210830826026,16.45488228278614,1,1.0
24.37948775610811,16.16090372061941,1,1.0
8.460308850398667,0.0742367793397527,0,0.0
1.711986228845727,9.816022465879385,0,1.0
9.239468882156022,5.885071930905603,0,0.0
3.0679889702422916,0.8288368374868043,0,0.0
5.881203754780225,5.923453978690443,0,0.0
13.105260636162589,11.22002118597307,0,1.0
18.368025745332503,6.838345148571644,1,0.0
13.8082429658937,6.999644147134472,1,0.0
30.20478427376733,6.779305638129607,1,0.0
7.699101765409399,16.903161742348917,1,1.0
13.74554230506876,10.192561313869227,1,0.0
3.7939817489384,7.150179729448514,0,0.0
32.09532350364976,9.466775015093717,1,1.0
8.562703667073814,13.731225844438494,1,1.0
10.701967990243785,6.229898786097017,1,0.0
2.765966831844123,6.133610606181431,0,0.0
2.4728588895776342,2.6064863941559153,0,0.0
6.7492356050389954,-0.6250759688385443,0,0.0
5.801974626552063,12.089571050977206,0,1.0
8.645879465843667,19.12268038667282,1,1.0
23.664489595254192,4.066434209971334,1,0.0
4.426971022357316,8.089441476321294,0,0.0
31.392999097904323,11.943121575470155,1,1.0
4.079986513334534,9.764363376358297,0,1.0
2.237810867702773,4.372248737554571,0,0.0
19.507656455628943,16.941035508918574,1,1.0
19.357290884716296,18.02433795683157,1,1.0
24.63066733089519,-0.01714476443626367,1,0.0
9.803588086251176,12.106606364542543,1,1.0
10.644433857884092,4.166848058898768,1,0.0
1.8497613835806448,11.007829963996478,0,1.0
13.048587116201398,3.8436371373129496,0,0.0
11.506964118514668,8.206931380772552,1,0.0
11.11131093662248,-4.53579400793117,0,0.0
11.83672682417363,-2.1290862313763377,0,0.0
1.1311126201696713,0.6797146635549964,0,0.0
1.9297742031176106,3.4461756821138536,0,0.0
12.563566322718112,14.433153132893231,0,1.0
18.37191379007858,3.020610529962365,0,0.0
4.455128760557187,1.246028509675991,0,0.0
14.36552091982953,-1.09942249390242,1,0.0
23.035503617873427,13.61321128313212,1,1.0
19.685249989808405,13.086300335306117,1,1.0
27.16703947218944,14.714140542847112,1,1.0
8.39355846508041,14.841273643240925,1,1.0
14.18184184959167,14.039030214977284,1,1.0
10.823336760748717,14.296129420468592,1,1.0
9.134510219736587,8.873935885754598,0,0.0
16.977331382257734,19.24534976404796,1,1.0
1.3749918877834197,6.613169905428798,0,0.0
19.20005421896274,12.203905775372977,0,1.0
25.39136336263017,9.944024988570089,1,1.0
20.97327806009271,12.17246273455385,1,1.0
18.679262786315718,11.637032094415758,1,1.0
6.823484975696526,8.755403159367155,1,0.0
6.582438343917664,3.6938921494169,0,0.0
8.3336558321684,5.231657044854767,0,0.0
9.252112297482324,0.3082953851372672,0,0.0
11.188704994520963,6.1014395681939035,1,0.0
8.388853874157023,-0.7337700046780036,0,0.0
15.335375766653726,-2.6766320173390987,0,0.0
3.414570553506076,4.195501735522779,0,0.0
20.463386483093952,14.129927841492702,1,1.0
3.4341873761590245,-2.9704338492591056,0,0.0
26.122591405630956,13.20653409718578,1,1.0
20.732303544523344,7.366833594724483,1,0.0
27.333317892046598,17.814061571154134,1,1.0
7.87028105338694,7.1031023294376645,0,0.0
29.79037222952976,9.044781626522234,1,0.0
17.20716021566882,2.9749154422549786,1,0.0
10.504316063731936,-1.9151504593307713,0,0.0
13.86644600343121,9.759004154445176,0,0.0
16.833182853746628,17.47232487474,1,1.0
16.477981623519444,13.194971859317505,1,1.0
9.450257242170041,1.9929199345877642,0,0.0
5.392159778940847,8.820377688956942,0,0.0
1.9475586429494456,2.8521416705942535,1,0.0
7.770732262177341,6.072779343773927,0,0.0
25.034976644676604,8.002289672701984,1,0.0
13.958446401344036,-1.2066955457993167,0,0.0
17.342603371739393,4.302393386876332,0,0.0
7.803582828264806,4.653104376550079,0,0.0
8.26967116547131,1.7921669103495468,0,0.0
33.86627066594764,20.352213232715332,1,1.0
5.766673165500304,1.0299564232819094,0,0.0
13.593551572849364,19.729336688212147,1,1.0
10.708881453093937,14.098858177104152,1,1.0
9.350345558096004,1.2409883587427863,0,0.0
5.909948156794392,5.096322876917057,0,0.0
1.884560370897643,7.770170658875461,0,0.0
9.274825820637698,4.328285761645503,0,0.0
7.006038309695461,4.1487020303931,0,0.0
19.99828698595733,14.342270866929422,1,1.0
4.953046232677658,19.00144149663388,1,1.0
14.695703182089458,3.0358555459860668,1,0.0
12.648598850617303,13.942076989176787,1,1.0
7.072174885376957,4.802683190691347,0,0.0
23.64889937951071,8.18737989791359,1,0.0
1.699154222771029,15.990678139486565,0,1.0
21.850739082447678,6.886874914836689,1,0.0
9.580280561544194,11.904694116844947,0,1.0
8.10636100461297,1.0528749177554602,0,0.0
4.312064697281561,-1.8959641382512196,0,0.0
26.1631974138068,20.046855974330988,1,1.0
6.15384000075003,6.309798329101369,0,0.0
17.10091010467006,9.823897372852176,1,0.0
24.477286235405458,23.00436687688306,1,1.0
21.407329594516714,4.218128100101108,1,0.0
5.918728505092938,8.112808663929695,0,0.0
25.89808552112343,10.215073265586085,1,0.0
16.8787468221764,14.880210584627356,1,1.0
18.907220289120403,2.065208393973311,1,0.0
25.200106018560472,14.373678060036823,1,1.0
32.2046278815431,9.933625527806196,1,0.0
9.526900880885425,8.043861241551863,0,0.0
21.465748149615294,3.7229758145114857,1,0.0
5.54332154818063,15.980590842665656,1,1.0
22.838927788745785,3.7168727840462346,1,0.0
16.61165611400658,21.25732022382903,1,1.0
22.77047172259466,17.126328493932622,1,1.0
11.719976807462857,3.037346384036855,0,0.0
22.547169840123928,10.183068224260126,1,0.0
26.145340946108906,10.894965381365783,1,1.0
5.106779417095547,15.755981572789281,0,1.0
9.608825530215858,0.8288620056336669,0,0.0
6.156026659976428,-0.08807024173796663,0,0.0
18.325848524519607,0.12732053049117908,1,0.0
16.567458063337313,6.991738499149903,0,0.0
4.612221476109783,5.256258483208736,0,0.0
4.52938799441686,9.81818010673921,0,0.0
7.965603528732922,6.165818221881356,0,0.0
20.99501955223441,6.724359796586533,1,0.0
2.287707207697534,0.06281537631604195,0,0.0
8.124306394757786,0.060940790196621464,0,0.0
0.5054940074324427,7.0324616186332065,0,0.0
2.4799419040888253,7.098615957981668,0,0.0
4.514767130005484,-1.3310963674262695,0,0.0
14.998263830182141,18.345623091498197,1,1.0
26.621012293184073,6.980477942211312,1,0.0
15.544035232496352,10.079554699010597,1,0.0
13.858984044094136,3.0246219622970365,1,0.0
8.003357840070583,5.998998478576336,0,0.0
16.262802125775377,8.816031295472449,0,0.0
5.434287802276125,5.8619683027440175,0,0.0
28.192886269727413,12.934298995079107,1,1.0
26.750530275811634,7.920231451322433,1,0.0
4.969642844562506,15.03115765882983,1,1.0
26.501471859389444,2.2149861317696065,1,0.0
11.326448922923209,20.174429654005337,0,1.0
12.327459427757747,3.295227501933983,0,0.0
2.521731856432516,-1.0157861954972773,0,0.0
4.7601883850481235,3.2656435601337286,0,0.0
5.693893619353098,13.042598858050013,1,1.0
13.28876939594669,2.2711843347225944,1,0.0
15.463583178596364,6.010003645764662,1,0.0
33.689881650654215,23.793533557663668,1,1.0
5.0610358175180075,6.08807015143833,0,0.0
10.053693293079158,23.604793981804534,1,1.0
5.485501673387059,1.2222484216813783,0,0.0
13.818974800269755,23.114926745175016,1,1.0
13.467199182154703,6.989488731918019,0,0.0
11.282477285108731,9.946945297211382,0,1.0
27.23348212636442,12.154867719336817,1,1.0
2.8124485213300643,9.822246516700453,0,0.0
31.056062847904343,2.8698678058478215,1,0.0
7.073539846983027,-2.1706686699789906,0,0.0
6.050719688319083,2.0000960443589832,0,0.0
7.409596256747903,-1.8038378856889032,0,0.0
5.594864051428223,2.0706680540992153,0,0.0
9.225329323812483,13.14189492666615,1,1.0
33.05229182556,9.869165665068493,1,0.0
5.130288670866273,6.359832574857638,0,0.0
1.6538176236052613,-2.198937337223171,0,0.0
4.333840293973263,7.164556034269911,0,0.0
10.22621091913303,4.028712328491679,0,0.0
3.8199692351949106,15.938944858691546,1,1.0
17.95938372233462,10.679229556512428,1,1.0
3.546203688534959,0.36829795315975034,0,0.0
15.90472549593337,13.973707017137034,1,1.0
5.26174572618667,2.067955421298251,0,0.0
6.39913002634061,12.688618719915727,1,1.0
16.33050749196378,8.949974786139219,0,0.0
10.841680153938901,1.1600868316803243,0,0.0
9.977842493017505,14.03133187949554,1,1.0
30.15723979469694,19.21651265392237,1,1.0
6.266368179801629,2.3960303758865997,0,0.0
3.256339876009877,-1.9312370117713655,0,0.0
